issue_id,issue_type,story_points,assignee_id
BP-0001,Bug,0,U028
BP-0002,Story,8,U009
BP-0003,Bug,0,U001
BP-0004,Bug,0,U026
BP-0005,Bug,0,U019
BP-0006,Tech Debt,3,U028
BP-0007,Bug,0,U029
BP-0008,Story,2,U005
BP-0009,Story,8,U003
BP-0010,Bug,0,U012
BP-0011,Story,2,U014
BP-0012,Bug,0,U030
BP-0013,Story,2,U011
BP-0014,Tech Debt,1,U026
BP-0015,Story,5,U012
BP-0016,Story,8,U028
BP-0017,Story,5,U025
BP-0018,Tech Debt,2,U025
BP-0019,Bug,0,U012
BP-0020,Story,1,U022
BP-0021,Story,5,U006
BP-0022,Bug,0,U014
BP-0023,Story,5,U001
BP-0024,Bug,0,U028
BP-0025,Story,5,U013
BP-0026,Story,2,U021
BP-0027,Story,2,U029
BP-0028,Story,5,U020
BP-0029,Story,3,U020
BP-0030,Story,2,U020
BP-0031,Story,5,U027
BP-0032,Story,3,U022
BP-0033,Story,1,U009
BP-0034,Story,8,U018
BP-0035,Tech Debt,2,U002
BP-0036,Story,3,U017
BP-0037,Bug,0,U021
BP-0038,Story,2,U030
BP-0039,Story,2,U006
BP-0040,Bug,0,U003
BP-0041,Bug,0,U030
BP-0042,Story,2,U021
BP-0043,Story,5,U013
BP-0044,Story,3,U005
BP-0045,Story,3,U022
BP-0046,Story,8,U022
BP-0047,Story,1,U009
BP-0048,Bug,0,U014
BP-0049,Story,3,U022
BP-0050,Tech Debt,8,U022
BP-0051,Bug,0,U018
BP-0052,Tech Debt,2,U018
BP-0053,Story,1,U026
BP-0054,Tech Debt,2,U019
BP-0055,Story,1,U010
BP-0056,Story,5,U026
BP-0057,Bug,0,U010
BP-0058,Tech Debt,5,U010
BP-0059,Story,5,U028
BP-0060,Story,5,U027
BP-0061,Story,3,U009
BP-0062,Story,3,U013
BP-0063,Bug,0,U003
BP-0064,Bug,0,U028
BP-0065,Story,1,U009
BP-0066,Story,1,U025
BP-0067,Story,8,U028
BP-0068,Story,3,U017
BP-0069,Story,3,U001
BP-0070,Story,5,U028
BP-0071,Story,3,U020
BP-0072,Tech Debt,1,U021
BP-0073,Tech Debt,5,U009
BP-0074,Bug,0,U002
BP-0075,Bug,0,U003
BP-0076,Tech Debt,1,U022
BP-0077,Tech Debt,1,U009
BP-0078,Bug,0,U001
BP-0079,Story,3,U028
BP-0080,Story,8,U002
BP-0081,Story,3,U026
BP-0082,Bug,0,U010
BP-0083,Story,1,U017
BP-0084,Story,1,U005
BP-0085,Story,5,U018
BP-0086,Bug,0,U006
BP-0087,Bug,0,U021
BP-0088,Tech Debt,3,U013
BP-0089,Story,1,U010
BP-0090,Bug,0,U005
BP-0091,Story,1,U012
BP-0092,Tech Debt,5,U003
BP-0093,Story,1,U025
BP-0094,Story,5,U006
BP-0095,Tech Debt,5,U030
BP-0096,Story,3,U022
BP-0097,Bug,0,U005
BP-0098,Story,2,U003
BP-0099,Story,1,U017
BP-0100,Story,1,U028
BP-0101,Bug,0,U028
BP-0102,Story,3,U013
BP-0103,Story,8,U018
BP-0104,Bug,0,U021
BP-0105,Story,2,U009
BP-0106,Story,1,U013
BP-0107,Story,1,U011
BP-0108,Story,2,U013
BP-0109,Story,5,U030
BP-0110,Bug,0,U010
BP-0111,Story,2,U010
BP-0112,Story,8,U028
BP-0113,Story,2,U001
BP-0114,Tech Debt,5,U021
BP-0115,Story,5,U009
BP-0116,Bug,0,U001
BP-0117,Story,5,U003
BP-0118,Tech Debt,5,U030
BP-0119,Tech Debt,3,U022
BP-0120,Bug,0,U006
BP-0121,Bug,0,U011
BP-0122,Bug,0,U010
BP-0123,Tech Debt,3,U022
BP-0124,Story,5,U017
BP-0125,Story,1,U011
BP-0126,Bug,0,U006
BP-0127,Story,8,U002
BP-0128,Story,1,U010
BP-0129,Story,1,U030
BP-0130,Bug,0,U025
BP-0131,Story,3,U010
BP-0132,Tech Debt,2,U017
BP-0133,Story,5,U019
BP-0134,Story,5,U020
BP-0135,Bug,0,U002
BP-0136,Story,3,U009
BP-0137,Story,2,U025
BP-0138,Story,8,U012
BP-0139,Story,1,U014
BP-0140,Story,2,U009
BP-0141,Story,5,U021
BP-0142,Story,2,U019
BP-0143,Story,5,U003
BP-0144,Bug,0,U018
BP-0145,Bug,0,U022
BP-0146,Story,2,U003
BP-0147,Story,8,U010
BP-0148,Tech Debt,8,U002
BP-0149,Bug,0,U011
BP-0150,Story,1,U029
BP-0151,Bug,0,U012
BP-0152,Story,8,U001
BP-0153,Bug,0,U021
BP-0154,Story,3,U004
BP-0155,Story,2,U001
BP-0156,Bug,0,U011
BP-0157,Story,2,U029
BP-0158,Story,8,U017
BP-0159,Story,5,U004
BP-0160,Story,1,U005
BP-0161,Story,2,U021
BP-0162,Story,5,U019
BP-0163,Story,5,U027
BP-0164,Story,2,U025
BP-0165,Story,5,U029
BP-0166,Story,2,U006
BP-0167,Story,3,U014
BP-0168,Story,1,U002
BP-0169,Story,3,U005
BP-0170,Story,5,U014
BP-0171,Story,3,U010
BP-0172,Story,8,U009
BP-0173,Story,1,U020
BP-0174,Bug,0,U010
BP-0175,Bug,0,U001
BP-0176,Tech Debt,2,U029
BP-0177,Tech Debt,5,U009
BP-0178,Story,1,U014
BP-0179,Story,1,U017
BP-0180,Story,5,U018
BP-0181,Tech Debt,8,U005
BP-0182,Story,8,U014
BP-0183,Story,8,U013
BP-0184,Story,8,U030
BP-0185,Bug,0,U025
BP-0186,Story,2,U028
BP-0187,Story,3,U027
BP-0188,Story,1,U027
BP-0189,Bug,0,U006
BP-0190,Story,2,U009
BP-0191,Bug,0,U020
BP-0192,Bug,0,U006
BP-0193,Tech Debt,8,U004
BP-0194,Story,1,U004
BP-0195,Story,2,U011
BP-0196,Story,8,U005
BP-0197,Story,2,U009
BP-0198,Bug,0,U013
BP-0199,Story,8,U013
BP-0200,Tech Debt,3,U013
BP-0201,Bug,0,U014
BP-0202,Bug,0,U001
BP-0203,Story,5,U011
BP-0204,Story,5,U005
BP-0205,Bug,0,U003
BP-0206,Story,3,U021
BP-0207,Tech Debt,8,U028
BP-0208,Story,8,U021
BP-0209,Tech Debt,5,U012
BP-0210,Story,5,U002
BP-0211,Story,8,U025
BP-0212,Bug,0,U030
BP-0213,Bug,0,U019
BP-0214,Story,8,U030
BP-0215,Story,2,U020
BP-0216,Story,1,U005
BP-0217,Bug,0,U006
BP-0218,Tech Debt,2,U010
BP-0219,Bug,0,U009
BP-0220,Bug,0,U010
BP-0221,Story,1,U028
BP-0222,Bug,0,U011
BP-0223,Story,3,U019
BP-0224,Bug,0,U001
BP-0225,Story,2,U010
BP-0226,Story,5,U017
BP-0227,Story,3,U004
BP-0228,Bug,0,U022
BP-0229,Story,8,U018
BP-0230,Story,1,U027
BP-0231,Story,5,U021
BP-0232,Bug,0,U018
BP-0233,Story,1,U013
BP-0234,Story,3,U003
BP-0235,Story,8,U013
BP-0236,Bug,0,U027
BP-0237,Bug,0,U009
BP-0238,Story,1,U014
BP-0239,Story,3,U030
BP-0240,Story,5,U017
BP-0241,Tech Debt,3,U013
BP-0242,Bug,0,U018
BP-0243,Story,3,U005
BP-0244,Story,3,U029
BP-0245,Tech Debt,3,U030
BP-0246,Tech Debt,2,U006
BP-0247,Bug,0,U002
BP-0248,Story,5,U012
BP-0249,Story,8,U029
BP-0250,Tech Debt,2,U026
BP-0251,Story,1,U017
BP-0252,Story,1,U012
BP-0253,Story,8,U009
BP-0254,Story,8,U011
BP-0255,Story,8,U004
BP-0256,Story,2,U001
BP-0257,Story,2,U014
BP-0258,Tech Debt,5,U020
BP-0259,Story,8,U018
BP-0260,Bug,0,U029
BP-0261,Story,2,U030
BP-0262,Bug,0,U020
BP-0263,Tech Debt,3,U026
BP-0264,Story,2,U006
BP-0265,Story,1,U020
BP-0266,Bug,0,U003
BP-0267,Story,3,U003
BP-0268,Bug,0,U018
BP-0269,Story,3,U025
BP-0270,Bug,0,U014
BP-0271,Tech Debt,3,U010
BP-0272,Story,1,U003
BP-0273,Bug,0,U020
BP-0274,Bug,0,U002
BP-0275,Story,2,U026
BP-0276,Tech Debt,2,U020
BP-0277,Bug,0,U009
BP-0278,Bug,0,U012
BP-0279,Story,1,U003
BP-0280,Story,5,U027
BP-0281,Tech Debt,1,U017
BP-0282,Story,8,U026
BP-0283,Story,5,U021
BP-0284,Story,3,U019
BP-0285,Bug,0,U014
BP-0286,Story,5,U012
BP-0287,Story,1,U020
BP-0288,Story,5,U002
BP-0289,Story,1,U002
BP-0290,Bug,0,U010
BP-0291,Story,5,U017
BP-0292,Story,1,U021
BP-0293,Bug,0,U006
BP-0294,Tech Debt,5,U022
BP-0295,Bug,0,U018
BP-0296,Story,8,U005
BP-0297,Bug,0,U025
BP-0298,Tech Debt,1,U022
BP-0299,Story,1,U003
BP-0300,Bug,0,U001
BP-0301,Story,2,U019
BP-0302,Story,8,U019
BP-0303,Story,3,U029
BP-0304,Story,2,U019
BP-0305,Story,5,U002
BP-0306,Story,5,U003
BP-0307,Story,2,U011
BP-0308,Story,5,U010
BP-0309,Story,2,U030
BP-0310,Tech Debt,2,U006
BP-0311,Bug,0,U002
BP-0312,Story,8,U025
BP-0313,Story,5,U009
BP-0314,Story,5,U026
BP-0315,Story,2,U011
BP-0316,Story,3,U009
BP-0317,Story,1,U005
BP-0318,Story,8,U004
BP-0319,Tech Debt,2,U014
BP-0320,Story,5,U013
BP-0321,Tech Debt,2,U028
BP-0322,Story,1,U012
BP-0323,Story,5,U018
BP-0324,Story,3,U002
BP-0325,Story,2,U027
BP-0326,Bug,0,U011
BP-0327,Story,1,U018
BP-0328,Story,8,U006
BP-0329,Story,2,U012
BP-0330,Bug,0,U005
BP-0331,Story,3,U028
BP-0332,Story,5,U014
BP-0333,Story,1,U014
BP-0334,Story,8,U011
BP-0335,Story,5,U006
BP-0336,Tech Debt,8,U005
BP-0337,Story,1,U028
BP-0338,Tech Debt,2,U025
BP-0339,Tech Debt,8,U018
BP-0340,Story,2,U006
BP-0341,Bug,0,U030
BP-0342,Tech Debt,1,U022
BP-0343,Story,1,U022
BP-0344,Bug,0,U003
BP-0345,Tech Debt,2,U019
BP-0346,Story,8,U012
BP-0347,Tech Debt,8,U018
BP-0348,Story,8,U002
BP-0349,Bug,0,U011
BP-0350,Story,8,U009
BP-0351,Story,2,U020
BP-0352,Story,5,U004
BP-0353,Bug,0,U005
BP-0354,Story,8,U006
BP-0355,Bug,0,U014
BP-0356,Bug,0,U020
BP-0357,Tech Debt,3,U013
BP-0358,Story,5,U020
BP-0359,Bug,0,U028
BP-0360,Bug,0,U010
BP-0361,Story,3,U020
BP-0362,Story,5,U006
BP-0363,Story,1,U027
BP-0364,Story,1,U002
BP-0365,Story,8,U002
BP-0366,Story,5,U028
BP-0367,Story,8,U011
BP-0368,Story,5,U006
BP-0369,Story,1,U026
BP-0370,Story,2,U009
BP-0371,Story,2,U014
BP-0372,Bug,0,U002
BP-0373,Story,3,U027
BP-0374,Story,8,U017
BP-0375,Tech Debt,5,U026
BP-0376,Story,8,U002
BP-0377,Bug,0,U014
BP-0378,Bug,0,U003
BP-0379,Bug,0,U025
BP-0380,Story,2,U019
BP-0381,Bug,0,U009
BP-0382,Tech Debt,2,U002
BP-0383,Bug,0,U010
BP-0384,Story,8,U012
BP-0385,Story,8,U012
BP-0386,Bug,0,U002
BP-0387,Story,5,U018
BP-0388,Tech Debt,1,U013
BP-0389,Story,2,U004
BP-0390,Story,2,U018
BP-0391,Tech Debt,2,U002
BP-0392,Bug,0,U005
BP-0393,Story,2,U020
BP-0394,Story,3,U027
BP-0395,Story,3,U013
BP-0396,Story,2,U006
BP-0397,Bug,0,U030
BP-0398,Story,2,U014
BP-0399,Story,1,U028
BP-0400,Bug,0,U006
BP-0401,Story,8,U021
BP-0402,Bug,0,U010
BP-0403,Story,5,U002
BP-0404,Tech Debt,1,U004
BP-0405,Story,3,U018
BP-0406,Story,1,U013
BP-0407,Story,1,U009
BP-0408,Story,3,U021
BP-0409,Tech Debt,5,U006
BP-0410,Tech Debt,3,U025
BP-0411,Tech Debt,5,U014
BP-0412,Bug,0,U005
BP-0413,Bug,0,U020
BP-0414,Story,1,U004
BP-0415,Tech Debt,5,U003
BP-0416,Bug,0,U003
BP-0417,Story,1,U030
BP-0418,Story,2,U030
BP-0419,Tech Debt,2,U017
BP-0420,Story,3,U013
BP-0421,Story,2,U004
BP-0422,Bug,0,U001
BP-0423,Story,8,U028
BP-0424,Story,3,U019
BP-0425,Story,1,U029
BP-0426,Story,2,U001
BP-0427,Story,3,U011
BP-0428,Bug,0,U022
BP-0429,Story,8,U021
BP-0430,Story,2,U018
BP-0431,Tech Debt,3,U022
BP-0432,Bug,0,U013
BP-0433,Bug,0,U020
BP-0434,Bug,0,U027
BP-0435,Tech Debt,8,U012
BP-0436,Tech Debt,2,U001
BP-0437,Bug,0,U009
BP-0438,Story,8,U011
BP-0439,Bug,0,U025
BP-0440,Story,5,U018
BP-0441,Story,2,U012
BP-0442,Story,5,U029
BP-0443,Bug,0,U014
BP-0444,Bug,0,U003
BP-0445,Bug,0,U025
BP-0446,Story,2,U009
BP-0447,Story,3,U011
BP-0448,Story,3,U011
BP-0449,Tech Debt,1,U028
BP-0450,Story,3,U020
BP-0451,Story,8,U018
BP-0452,Story,5,U013
BP-0453,Story,1,U026
BP-0454,Story,5,U006
BP-0455,Bug,0,U010
BP-0456,Story,2,U018
BP-0457,Story,8,U029
BP-0458,Story,5,U013
BP-0459,Bug,0,U011
BP-0460,Tech Debt,3,U001
BP-0461,Story,3,U001
BP-0462,Story,3,U030
BP-0463,Bug,0,U010
BP-0464,Tech Debt,5,U027
BP-0465,Story,1,U028
BP-0466,Bug,0,U013
BP-0467,Tech Debt,3,U011
BP-0468,Bug,0,U003
BP-0469,Story,2,U014
BP-0470,Story,3,U005
BP-0471,Bug,0,U004
BP-0472,Bug,0,U026
BP-0473,Tech Debt,5,U002
BP-0474,Tech Debt,5,U010
BP-0475,Tech Debt,5,U018
BP-0476,Story,2,U029
BP-0477,Story,8,U022
BP-0478,Story,8,U005
BP-0479,Story,3,U019
BP-0480,Story,3,U022
BP-0481,Story,5,U013
BP-0482,Story,3,U003
BP-0483,Bug,0,U026
BP-0484,Bug,0,U002
BP-0485,Bug,0,U004
BP-0486,Bug,0,U002
BP-0487,Story,8,U021
BP-0488,Story,3,U025
BP-0489,Story,3,U002
BP-0490,Story,1,U019
BP-0491,Story,8,U011
BP-0492,Tech Debt,5,U029
BP-0493,Bug,0,U029
BP-0494,Bug,0,U018
BP-0495,Story,5,U027
BP-0496,Story,8,U013
BP-0497,Story,2,U001
BP-0498,Story,2,U028
BP-0499,Bug,0,U020
BP-0500,Story,5,U014
BP-0501,Story,5,U011
BP-0502,Tech Debt,8,U011
BP-0503,Story,3,U017
BP-0504,Story,8,U019
BP-0505,Story,5,U019
BP-0506,Bug,0,U009
BP-0507,Bug,0,U002
BP-0508,Bug,0,U014
BP-0509,Story,5,U017
BP-0510,Bug,0,U022
BP-0511,Story,1,U012
BP-0512,Story,5,U029
BP-0513,Bug,0,U021
BP-0514,Story,2,U018
BP-0515,Story,1,U027
BP-0516,Tech Debt,5,U027
BP-0517,Bug,0,U003
BP-0518,Bug,0,U028
BP-0519,Story,5,U021
BP-0520,Tech Debt,2,U011
BP-0521,Tech Debt,8,U022
BP-0522,Story,8,U028
BP-0523,Story,2,U001
BP-0524,Story,5,U014
BP-0525,Story,3,U030
BP-0526,Story,1,U010
BP-0527,Tech Debt,2,U026
BP-0528,Story,8,U025
BP-0529,Story,2,U030
BP-0530,Story,3,U028
BP-0531,Story,1,U012
BP-0532,Story,5,U029
BP-0533,Story,1,U027
BP-0534,Bug,0,U027
BP-0535,Tech Debt,5,U014
BP-0536,Bug,0,U014
BP-0537,Story,3,U006
BP-0538,Bug,0,U019
BP-0539,Tech Debt,5,U005
BP-0540,Bug,0,U013
BP-0541,Story,1,U001
BP-0542,Story,1,U027
BP-0543,Story,3,U006
BP-0544,Tech Debt,8,U003
BP-0545,Bug,0,U026
BP-0546,Story,1,U013
BP-0547,Tech Debt,1,U012
BP-0548,Story,2,U010
BP-0549,Bug,0,U009
BP-0550,Story,8,U001
BP-0551,Story,5,U026
BP-0552,Bug,0,U028
BP-0553,Story,5,U001
BP-0554,Bug,0,U011
BP-0555,Story,2,U021
BP-0556,Story,8,U029
BP-0557,Tech Debt,2,U012
BP-0558,Story,8,U026
BP-0559,Tech Debt,1,U004
BP-0560,Tech Debt,8,U014
BP-0561,Story,5,U019
BP-0562,Tech Debt,5,U014
BP-0563,Story,1,U014
BP-0564,Story,5,U021
BP-0565,Bug,0,U005
BP-0566,Bug,0,U002
BP-0567,Story,1,U001
BP-0568,Bug,0,U006
BP-0569,Bug,0,U021
BP-0570,Story,5,U003
BP-0571,Story,5,U017
BP-0572,Tech Debt,3,U027
BP-0573,Story,1,U022
BP-0574,Story,8,U027
BP-0575,Bug,0,U027
BP-0576,Bug,0,U020
BP-0577,Bug,0,U003
BP-0578,Story,8,U026
BP-0579,Story,1,U022
BP-0580,Story,3,U010
BP-0581,Tech Debt,8,U018
BP-0582,Bug,0,U011
BP-0583,Story,1,U026
BP-0584,Story,5,U006
BP-0585,Bug,0,U028
BP-0586,Story,1,U001
BP-0587,Bug,0,U005
BP-0588,Story,1,U003
BP-0589,Story,5,U017
BP-0590,Tech Debt,3,U018
BP-0591,Story,2,U006
BP-0592,Bug,0,U011
BP-0593,Story,5,U003
BP-0594,Story,8,U014
BP-0595,Story,1,U005
BP-0596,Tech Debt,1,U017
BP-0597,Story,2,U004
BP-0598,Story,5,U017
BP-0599,Tech Debt,1,U001
BP-0600,Bug,0,U001
BP-0601,Tech Debt,8,U030
BP-0602,Story,8,U026
BP-0603,Story,3,U020
BP-0604,Bug,0,U017
BP-0605,Story,1,U006
BP-0606,Story,3,U014
BP-0607,Story,5,U028
BP-0608,Story,3,U027
BP-0609,Story,1,U005
BP-0610,Bug,0,U014
BP-0611,Story,5,U027
BP-0612,Story,2,U013
BP-0613,Tech Debt,2,U026
BP-0614,Bug,0,U010
BP-0615,Bug,0,U003
BP-0616,Story,8,U027
BP-0617,Story,5,U013
BP-0618,Tech Debt,5,U028
BP-0619,Story,8,U010
BP-0620,Story,5,U021
BP-0621,Story,5,U017
BP-0622,Bug,0,U001
BP-0623,Story,5,U013
BP-0624,Bug,0,U020
BP-0625,Story,3,U028
BP-0626,Bug,0,U009
BP-0627,Bug,0,U009
BP-0628,Tech Debt,2,U012
BP-0629,Story,3,U010
BP-0630,Bug,0,U005
BP-0631,Story,2,U018
BP-0632,Story,8,U029
BP-0633,Story,2,U003
BP-0634,Bug,0,U001
BP-0635,Story,2,U026
BP-0636,Tech Debt,1,U026
BP-0637,Story,8,U030
BP-0638,Story,2,U018
BP-0639,Story,5,U005
BP-0640,Story,2,U027
BP-0641,Bug,0,U030
BP-0642,Bug,0,U005
BP-0643,Bug,0,U005
BP-0644,Story,8,U026
BP-0645,Story,8,U011
BP-0646,Tech Debt,8,U028
BP-0647,Tech Debt,8,U011
BP-0648,Story,8,U010
BP-0649,Bug,0,U028
BP-0650,Story,2,U005
BP-0651,Tech Debt,8,U009
BP-0652,Bug,0,U010
BP-0653,Tech Debt,3,U018
BP-0654,Story,1,U012
BP-0655,Bug,0,U002
BP-0656,Bug,0,U006
BP-0657,Tech Debt,1,U028
BP-0658,Story,1,U012
BP-0659,Tech Debt,2,U025
BP-0660,Bug,0,U028
BP-0661,Story,8,U028
BP-0662,Story,3,U021
BP-0663,Story,8,U030
BP-0664,Story,5,U028
BP-0665,Story,2,U029
BP-0666,Bug,0,U011
BP-0667,Bug,0,U004
BP-0668,Story,5,U026
BP-0669,Bug,0,U004
BP-0670,Tech Debt,8,U010
BP-0671,Story,1,U022
BP-0672,Story,3,U003
BP-0673,Bug,0,U030
BP-0674,Story,2,U005
BP-0675,Story,5,U011
BP-0676,Story,3,U025
BP-0677,Story,3,U022
BP-0678,Tech Debt,8,U026
BP-0679,Story,8,U028
BP-0680,Story,8,U020
BP-0681,Tech Debt,3,U002
BP-0682,Bug,0,U026
BP-0683,Story,8,U010
BP-0684,Story,8,U014
BP-0685,Story,1,U025
BP-0686,Story,1,U025
BP-0687,Story,3,U013
BP-0688,Story,1,U028
BP-0689,Story,5,U006
BP-0690,Bug,0,U002
BP-0691,Bug,0,U030
BP-0692,Story,8,U009
BP-0693,Bug,0,U021
BP-0694,Bug,0,U026
BP-0695,Story,2,U019
BP-0696,Bug,0,U027
BP-0697,Bug,0,U029
BP-0698,Bug,0,U001
BP-0699,Bug,0,U003
BP-0700,Tech Debt,1,U018
BP-0701,Tech Debt,8,U022
BP-0702,Tech Debt,5,U020
BP-0703,Story,2,U014
BP-0704,Story,5,U029
BP-0705,Story,5,U002
BP-0706,Tech Debt,3,U004
BP-0707,Bug,0,U025
BP-0708,Story,8,U021
BP-0709,Bug,0,U017
BP-0710,Story,5,U030
BP-0711,Tech Debt,5,U018
BP-0712,Story,2,U021
BP-0713,Story,1,U030
BP-0714,Story,3,U014
BP-0715,Story,1,U011
BP-0716,Story,5,U022
BP-0717,Story,1,U028
BP-0718,Story,2,U013
BP-0719,Story,1,U025
BP-0720,Story,1,U013
BP-0721,Story,3,U004
BP-0722,Bug,0,U003
BP-0723,Story,2,U002
BP-0724,Tech Debt,5,U029
BP-0725,Story,2,U022
BP-0726,Story,3,U019
BP-0727,Story,2,U030
BP-0728,Story,5,U019
BP-0729,Story,1,U018
BP-0730,Story,1,U006
BP-0731,Story,3,U029
BP-0732,Bug,0,U014
BP-0733,Tech Debt,3,U010
BP-0734,Story,5,U009
BP-0735,Story,8,U014
BP-0736,Story,5,U014
BP-0737,Tech Debt,3,U020
BP-0738,Story,2,U002
BP-0739,Story,8,U028
BP-0740,Bug,0,U019
BP-0741,Story,8,U027
BP-0742,Story,5,U003
BP-0743,Tech Debt,2,U010
BP-0744,Story,8,U018
BP-0745,Bug,0,U003
BP-0746,Story,3,U011
BP-0747,Story,8,U003
BP-0748,Story,5,U001
BP-0749,Story,3,U011
BP-0750,Story,3,U030
BP-0751,Bug,0,U010
BP-0752,Story,2,U021
BP-0753,Bug,0,U010
BP-0754,Story,1,U019
BP-0755,Tech Debt,8,U025
BP-0756,Bug,0,U026
BP-0757,Story,3,U005
BP-0758,Story,2,U018
BP-0759,Story,1,U004
BP-0760,Story,1,U003
BP-0761,Story,8,U022
BP-0762,Story,1,U030
BP-0763,Bug,0,U005
BP-0764,Bug,0,U029
BP-0765,Story,2,U002
BP-0766,Story,8,U026
BP-0767,Tech Debt,1,U018
BP-0768,Story,1,U017
BP-0769,Bug,0,U002
BP-0770,Bug,0,U002
BP-0771,Story,3,U013
BP-0772,Story,3,U017
BP-0773,Bug,0,U011
BP-0774,Story,8,U019
BP-0775,Tech Debt,1,U017
BP-0776,Tech Debt,2,U004
BP-0777,Bug,0,U021
BP-0778,Story,1,U012
BP-0779,Story,5,U021
BP-0780,Story,5,U028
BP-0781,Bug,0,U011
BP-0782,Tech Debt,1,U026
BP-0783,Story,1,U005
BP-0784,Story,5,U001
BP-0785,Story,2,U001
BP-0786,Story,5,U014
BP-0787,Tech Debt,1,U022
BP-0788,Tech Debt,5,U005
BP-0789,Story,8,U030
BP-0790,Tech Debt,2,U001
BP-0791,Bug,0,U029
BP-0792,Story,8,U012
BP-0793,Story,2,U005
BP-0794,Story,1,U005
BP-0795,Story,1,U021
BP-0796,Tech Debt,8,U011
BP-0797,Bug,0,U002
BP-0798,Story,5,U005
BP-0799,Story,5,U027
BP-0800,Bug,0,U006
BP-0801,Story,8,U006
BP-0802,Bug,0,U030
BP-0803,Story,3,U020
BP-0804,Bug,0,U013
BP-0805,Story,3,U001
BP-0806,Story,3,U006
BP-0807,Bug,0,U010
BP-0808,Story,2,U006
BP-0809,Story,1,U001
BP-0810,Story,5,U009
BP-0811,Story,8,U004
BP-0812,Bug,0,U026
BP-0813,Story,5,U026
BP-0814,Story,1,U027
BP-0815,Story,1,U011
BP-0816,Tech Debt,3,U014
BP-0817,Story,3,U019
BP-0818,Story,2,U009
BP-0819,Tech Debt,2,U022
BP-0820,Story,5,U019
BP-0821,Story,2,U030
BP-0822,Bug,0,U004
BP-0823,Story,5,U022
BP-0824,Tech Debt,5,U001
BP-0825,Story,5,U003
BP-0826,Story,5,U025
BP-0827,Story,5,U021
BP-0828,Story,1,U012
BP-0829,Story,1,U027
BP-0830,Story,3,U027
BP-0831,Bug,0,U019
BP-0832,Story,1,U010
BP-0833,Story,2,U017
BP-0834,Story,5,U006
BP-0835,Bug,0,U005
BP-0836,Story,1,U005
BP-0837,Story,3,U029
BP-0838,Bug,0,U027
BP-0839,Story,3,U020
BP-0840,Bug,0,U012
BP-0841,Story,3,U012
BP-0842,Story,8,U009
BP-0843,Bug,0,U028
BP-0844,Bug,0,U025
BP-0845,Story,2,U013
BP-0846,Story,1,U022
BP-0847,Story,5,U010
BP-0848,Story,1,U002
BP-0849,Story,2,U019
BP-0850,Tech Debt,1,U009
BP-0851,Story,1,U030
BP-0852,Tech Debt,5,U012
BP-0853,Bug,0,U003
BP-0854,Story,8,U014
BP-0855,Tech Debt,3,U027
BP-0856,Story,1,U006
BP-0857,Story,5,U019
BP-0858,Tech Debt,2,U017
BP-0859,Tech Debt,5,U003
BP-0860,Bug,0,U001
BP-0861,Tech Debt,5,U003
BP-0862,Story,1,U029
BP-0863,Story,3,U026
BP-0864,Tech Debt,8,U014
BP-0865,Story,1,U005
BP-0866,Tech Debt,2,U004
BP-0867,Story,8,U014
BP-0868,Story,3,U020
BP-0869,Bug,0,U020
BP-0870,Story,2,U017
BP-0871,Story,2,U028
BP-0872,Story,3,U012
BP-0873,Story,8,U018
BP-0874,Story,3,U025
BP-0875,Story,2,U028
BP-0876,Tech Debt,8,U030
BP-0877,Story,8,U010
BP-0878,Bug,0,U006
BP-0879,Story,1,U013
BP-0880,Story,1,U019
BP-0881,Story,1,U027
BP-0882,Bug,0,U013
BP-0883,Story,2,U004
BP-0884,Tech Debt,1,U010
BP-0885,Story,5,U004
BP-0886,Tech Debt,5,U018
BP-0887,Tech Debt,3,U027
BP-0888,Story,1,U020
BP-0889,Tech Debt,1,U017
BP-0890,Story,1,U006
BP-0891,Story,3,U021
BP-0892,Story,5,U028
BP-0893,Bug,0,U027
BP-0894,Bug,0,U003
BP-0895,Bug,0,U030
BP-0896,Tech Debt,3,U019
BP-0897,Story,2,U001
BP-0898,Story,3,U028
BP-0899,Story,3,U005
BP-0900,Story,2,U014
BP-0901,Story,1,U017
BP-0902,Story,3,U028
BP-0903,Tech Debt,2,U026
BP-0904,Story,8,U022
BP-0905,Story,2,U001
BP-0906,Story,3,U005
BP-0907,Story,5,U012
BP-0908,Tech Debt,5,U028
BP-0909,Story,3,U004
BP-0910,Story,3,U009
BP-0911,Story,1,U004
BP-0912,Story,2,U003
BP-0913,Story,8,U018
BP-0914,Story,3,U019
BP-0915,Tech Debt,3,U003
BP-0916,Story,1,U010
BP-0917,Bug,0,U030
BP-0918,Story,3,U028
BP-0919,Story,5,U003
BP-0920,Bug,0,U002
BP-0921,Tech Debt,3,U019
BP-0922,Story,3,U019
BP-0923,Tech Debt,8,U029
BP-0924,Story,3,U028
BP-0925,Story,2,U003
BP-0926,Story,5,U025
BP-0927,Bug,0,U027
BP-0928,Story,3,U029
BP-0929,Story,8,U021
BP-0930,Story,2,U002
BP-0931,Bug,0,U003
BP-0932,Story,8,U018
BP-0933,Story,3,U018
BP-0934,Story,2,U003
BP-0935,Story,5,U027
BP-0936,Bug,0,U011
BP-0937,Story,5,U002
BP-0938,Story,3,U027
BP-0939,Story,5,U017
BP-0940,Story,8,U018
BP-0941,Story,1,U002
BP-0942,Tech Debt,3,U018
BP-0943,Story,5,U028
BP-0944,Story,1,U010
BP-0945,Tech Debt,3,U003
BP-0946,Story,1,U026
BP-0947,Bug,0,U009
BP-0948,Story,3,U030
BP-0949,Story,3,U011
BP-0950,Bug,0,U010
BP-0951,Tech Debt,2,U013
BP-0952,Tech Debt,8,U017
BP-0953,Story,1,U022
BP-0954,Bug,0,U029
BP-0955,Story,5,U012
BP-0956,Bug,0,U010
BP-0957,Story,5,U021
BP-0958,Tech Debt,3,U003
BP-0959,Story,2,U004
BP-0960,Story,3,U006
BP-0961,Story,8,U005
BP-0962,Bug,0,U012
BP-0963,Bug,0,U030
BP-0964,Story,1,U013
BP-0965,Story,5,U014
BP-0966,Story,2,U021
BP-0967,Tech Debt,3,U009
BP-0968,Story,2,U014
BP-0969,Tech Debt,2,U014
BP-0970,Story,8,U017
BP-0971,Bug,0,U029
BP-0972,Story,1,U003
BP-0973,Tech Debt,2,U006
BP-0974,Story,1,U010
BP-0975,Bug,0,U002
BP-0976,Story,8,U001
BP-0977,Story,2,U011
BP-0978,Bug,0,U017
BP-0979,Bug,0,U005
BP-0980,Story,5,U002
BP-0981,Story,5,U022
BP-0982,Bug,0,U006
BP-0983,Tech Debt,8,U028
BP-0984,Story,1,U019
BP-0985,Story,8,U030
BP-0986,Story,3,U025
BP-0987,Bug,0,U022
BP-0988,Story,5,U029
BP-0989,Story,1,U010
BP-0990,Story,3,U009
BP-0991,Tech Debt,5,U014
BP-0992,Story,8,U013
BP-0993,Bug,0,U005
BP-0994,Story,8,U030
BP-0995,Story,3,U018
BP-0996,Bug,0,U020
BP-0997,Story,1,U021
BP-0998,Story,2,U019
BP-0999,Story,3,U002
BP-1000,Story,2,U002
BP-1001,Story,3,U017
BP-1002,Story,3,U019
BP-1003,Story,5,U026
BP-1004,Bug,0,U027
BP-1005,Story,2,U004
BP-1006,Story,8,U014
BP-1007,Tech Debt,2,U003
BP-1008,Story,2,U009
BP-1009,Story,8,U002
BP-1010,Tech Debt,2,U017
BP-1011,Story,8,U025
BP-1012,Bug,0,U001
BP-1013,Tech Debt,3,U017
BP-1014,Story,5,U005
BP-1015,Tech Debt,5,U020
BP-1016,Bug,0,U009
BP-1017,Bug,0,U011
BP-1018,Story,3,U018
BP-1019,Bug,0,U003
BP-1020,Tech Debt,5,U027
BP-1021,Bug,0,U028
BP-1022,Story,1,U019
BP-1023,Story,5,U026
BP-1024,Story,8,U027
BP-1025,Bug,0,U013
BP-1026,Story,2,U009
BP-1027,Tech Debt,1,U003
BP-1028,Story,1,U027
BP-1029,Story,3,U011
BP-1030,Story,5,U003
BP-1031,Story,8,U021
BP-1032,Story,1,U029
BP-1033,Bug,0,U012
BP-1034,Story,2,U014
BP-1035,Story,5,U018
BP-1036,Story,3,U001
BP-1037,Story,8,U028
BP-1038,Story,8,U010
BP-1039,Story,8,U028
BP-1040,Story,5,U013
BP-1041,Bug,0,U005
BP-1042,Bug,0,U018
BP-1043,Bug,0,U012
BP-1044,Bug,0,U022
BP-1045,Tech Debt,5,U001
BP-1046,Tech Debt,5,U014
BP-1047,Story,5,U013
BP-1048,Story,8,U001
BP-1049,Bug,0,U026
BP-1050,Story,8,U017
BP-1051,Bug,0,U021
BP-1052,Story,3,U003
BP-1053,Bug,0,U006
BP-1054,Story,5,U020
BP-1055,Story,2,U027
BP-1056,Tech Debt,5,U020
BP-1057,Tech Debt,5,U013
BP-1058,Story,3,U013
BP-1059,Bug,0,U003
BP-1060,Bug,0,U030
BP-1061,Bug,0,U005
BP-1062,Bug,0,U019
BP-1063,Story,8,U004
BP-1064,Story,1,U022
BP-1065,Story,3,U001
BP-1066,Story,5,U029
BP-1067,Story,2,U021
BP-1068,Story,1,U002
BP-1069,Bug,0,U018
BP-1070,Story,1,U001
BP-1071,Story,5,U006
BP-1072,Story,8,U002
BP-1073,Bug,0,U001
BP-1074,Bug,0,U014
BP-1075,Tech Debt,5,U014
BP-1076,Bug,0,U029
BP-1077,Tech Debt,3,U020
BP-1078,Bug,0,U022
BP-1079,Bug,0,U019
BP-1080,Bug,0,U019
BP-1081,Story,1,U010
BP-1082,Story,2,U025
BP-1083,Bug,0,U022
BP-1084,Bug,0,U004
BP-1085,Story,5,U004
BP-1086,Story,5,U012
BP-1087,Story,5,U018
BP-1088,Story,3,U005
BP-1089,Story,1,U025
BP-1090,Story,1,U013
BP-1091,Story,3,U026
BP-1092,Bug,0,U004
BP-1093,Story,8,U018
BP-1094,Story,2,U014
BP-1095,Bug,0,U011
BP-1096,Story,2,U019
BP-1097,Bug,0,U022
BP-1098,Story,5,U027
BP-1099,Story,5,U003
BP-1100,Story,2,U027
BP-1101,Bug,0,U029
BP-1102,Tech Debt,1,U030
BP-1103,Bug,0,U020
BP-1104,Story,1,U027
BP-1105,Tech Debt,3,U026
BP-1106,Story,5,U013
BP-1107,Tech Debt,8,U005
BP-1108,Tech Debt,5,U020
BP-1109,Story,2,U017
BP-1110,Story,3,U029
BP-1111,Story,3,U003
BP-1112,Tech Debt,8,U014
BP-1113,Story,5,U010
BP-1114,Bug,0,U003
BP-1115,Bug,0,U020
BP-1116,Bug,0,U009
BP-1117,Tech Debt,3,U019
BP-1118,Story,1,U030
BP-1119,Story,3,U020
BP-1120,Story,1,U027
BP-1121,Bug,0,U017
BP-1122,Tech Debt,8,U017
BP-1123,Story,2,U025
BP-1124,Story,3,U026
BP-1125,Bug,0,U010
BP-1126,Bug,0,U019
BP-1127,Story,5,U001
BP-1128,Story,2,U009
BP-1129,Story,3,U009
BP-1130,Story,5,U005
BP-1131,Story,2,U030
BP-1132,Story,3,U026
BP-1133,Bug,0,U002
BP-1134,Bug,0,U028
BP-1135,Story,2,U013
BP-1136,Bug,0,U013
BP-1137,Bug,0,U021
BP-1138,Bug,0,U021
BP-1139,Tech Debt,1,U003
BP-1140,Bug,0,U011
BP-1141,Bug,0,U027
BP-1142,Story,8,U030
BP-1143,Story,1,U004
BP-1144,Story,1,U009
BP-1145,Bug,0,U030
BP-1146,Story,8,U027
BP-1147,Bug,0,U029
BP-1148,Story,2,U013
BP-1149,Bug,0,U009
BP-1150,Tech Debt,1,U001
BP-1151,Tech Debt,5,U010
BP-1152,Story,3,U011
BP-1153,Story,1,U027
BP-1154,Story,1,U002
BP-1155,Bug,0,U011
BP-1156,Story,5,U004
BP-1157,Bug,0,U013
BP-1158,Story,2,U011
BP-1159,Tech Debt,2,U028
BP-1160,Story,1,U014
BP-1161,Tech Debt,1,U020
BP-1162,Story,2,U021
BP-1163,Bug,0,U017
BP-1164,Story,3,U027
BP-1165,Story,3,U030
BP-1166,Bug,0,U010
BP-1167,Bug,0,U009
BP-1168,Story,1,U009
BP-1169,Story,8,U002
BP-1170,Bug,0,U025
BP-1171,Bug,0,U001
BP-1172,Story,5,U020
BP-1173,Story,2,U002
BP-1174,Bug,0,U013
BP-1175,Story,8,U029
BP-1176,Story,1,U030
BP-1177,Tech Debt,2,U005
BP-1178,Story,1,U003
BP-1179,Story,5,U002
BP-1180,Tech Debt,5,U006
BP-1181,Story,1,U017
BP-1182,Tech Debt,5,U025
BP-1183,Story,1,U005
BP-1184,Story,8,U012
BP-1185,Bug,0,U013
BP-1186,Bug,0,U025
BP-1187,Story,5,U010
BP-1188,Bug,0,U021
BP-1189,Bug,0,U003
BP-1190,Story,3,U029
BP-1191,Story,3,U025
BP-1192,Bug,0,U025
BP-1193,Story,5,U018
BP-1194,Story,8,U030
BP-1195,Story,5,U017
BP-1196,Story,1,U017
BP-1197,Story,3,U005
BP-1198,Tech Debt,2,U009
BP-1199,Tech Debt,1,U027
BP-1200,Story,8,U017
BP-1201,Story,3,U018
BP-1202,Bug,0,U022
BP-1203,Bug,0,U026
BP-1204,Story,3,U003
BP-1205,Story,2,U026
BP-1206,Tech Debt,1,U006
BP-1207,Story,2,U026
BP-1208,Story,3,U014
BP-1209,Bug,0,U027
BP-1210,Story,8,U014
BP-1211,Story,2,U030
BP-1212,Tech Debt,2,U021
BP-1213,Story,3,U027
BP-1214,Tech Debt,8,U009
BP-1215,Story,5,U022
BP-1216,Story,2,U017
BP-1217,Story,8,U025
BP-1218,Story,5,U013
BP-1219,Story,5,U003
BP-1220,Story,2,U028
BP-1221,Story,8,U010
BP-1222,Bug,0,U030
BP-1223,Tech Debt,1,U013
BP-1224,Story,1,U022
BP-1225,Story,1,U018
BP-1226,Story,2,U012
BP-1227,Bug,0,U019
BP-1228,Bug,0,U030
BP-1229,Story,1,U017
BP-1230,Story,8,U005
BP-1231,Bug,0,U018
BP-1232,Tech Debt,2,U017
BP-1233,Story,5,U027
BP-1234,Story,3,U001
BP-1235,Story,1,U017
BP-1236,Tech Debt,1,U020
BP-1237,Tech Debt,5,U017
BP-1238,Story,8,U028
BP-1239,Story,5,U004
BP-1240,Story,8,U017
BP-1241,Story,1,U028
BP-1242,Story,1,U001
BP-1243,Bug,0,U001
BP-1244,Story,3,U013
BP-1245,Story,2,U013
BP-1246,Bug,0,U027
BP-1247,Bug,0,U001
BP-1248,Tech Debt,1,U022
BP-1249,Story,1,U029
BP-1250,Tech Debt,8,U012
BP-1251,Tech Debt,5,U027
BP-1252,Story,5,U026
BP-1253,Bug,0,U011
BP-1254,Story,3,U019
BP-1255,Tech Debt,1,U014
BP-1256,Story,8,U004
BP-1257,Story,5,U030
BP-1258,Story,3,U026
BP-1259,Story,1,U002
BP-1260,Story,2,U019
BP-1261,Bug,0,U028
BP-1262,Story,2,U001
BP-1263,Story,1,U005
BP-1264,Bug,0,U027
BP-1265,Bug,0,U019
BP-1266,Tech Debt,8,U025
BP-1267,Bug,0,U011
BP-1268,Story,8,U030
BP-1269,Story,5,U021
BP-1270,Story,2,U028
BP-1271,Bug,0,U029
BP-1272,Story,5,U028
BP-1273,Bug,0,U013
BP-1274,Story,5,U017
BP-1275,Story,3,U020
BP-1276,Tech Debt,1,U005
BP-1277,Bug,0,U026
BP-1278,Story,8,U020
BP-1279,Story,3,U020
BP-1280,Bug,0,U004
BP-1281,Bug,0,U002
BP-1282,Tech Debt,8,U019
BP-1283,Bug,0,U003
BP-1284,Story,2,U029
BP-1285,Story,5,U027
BP-1286,Tech Debt,3,U026
BP-1287,Story,1,U005
BP-1288,Bug,0,U005
BP-1289,Story,8,U004
BP-1290,Bug,0,U018
BP-1291,Tech Debt,3,U002
BP-1292,Bug,0,U022
BP-1293,Story,8,U022
BP-1294,Tech Debt,8,U026
BP-1295,Tech Debt,8,U017
BP-1296,Story,2,U012
BP-1297,Bug,0,U026
BP-1298,Bug,0,U019
BP-1299,Bug,0,U004
BP-1300,Bug,0,U014
BP-1301,Story,1,U004
BP-1302,Bug,0,U002
BP-1303,Tech Debt,8,U002
BP-1304,Story,8,U006
BP-1305,Story,3,U026
BP-1306,Story,8,U028
BP-1307,Bug,0,U010
BP-1308,Bug,0,U020
BP-1309,Story,2,U013
BP-1310,Story,2,U019
BP-1311,Story,5,U013
BP-1312,Story,3,U028
BP-1313,Story,2,U025
BP-1314,Story,2,U030
BP-1315,Story,3,U018
BP-1316,Story,3,U001
BP-1317,Story,1,U022
BP-1318,Story,2,U028
BP-1319,Story,1,U001
BP-1320,Tech Debt,8,U014
BP-1321,Story,3,U014
BP-1322,Bug,0,U018
BP-1323,Bug,0,U011
BP-1324,Story,1,U029
BP-1325,Story,8,U014
BP-1326,Tech Debt,2,U011
BP-1327,Story,8,U029
BP-1328,Story,1,U021
BP-1329,Story,2,U006
BP-1330,Tech Debt,1,U028
BP-1331,Bug,0,U030
BP-1332,Story,8,U010
BP-1333,Story,1,U018
BP-1334,Bug,0,U005
BP-1335,Tech Debt,5,U027
BP-1336,Story,2,U027
BP-1337,Bug,0,U027
BP-1338,Bug,0,U006
BP-1339,Story,5,U012
BP-1340,Story,2,U022
BP-1341,Story,2,U018
BP-1342,Tech Debt,1,U003
BP-1343,Bug,0,U011
BP-1344,Bug,0,U010
BP-1345,Story,8,U017
BP-1346,Story,1,U018
BP-1347,Story,3,U011
BP-1348,Bug,0,U029
BP-1349,Story,8,U011
BP-1350,Story,3,U003
BP-1351,Story,1,U019
BP-1352,Story,2,U017
BP-1353,Tech Debt,5,U012
BP-1354,Story,2,U029
BP-1355,Story,8,U020
BP-1356,Tech Debt,5,U011
BP-1357,Story,1,U004
BP-1358,Story,3,U010
BP-1359,Story,2,U025
BP-1360,Story,1,U006
BP-1361,Story,3,U005
BP-1362,Bug,0,U019
BP-1363,Story,5,U004
BP-1364,Bug,0,U028
BP-1365,Story,2,U022
BP-1366,Bug,0,U027
BP-1367,Story,5,U027
BP-1368,Bug,0,U001
BP-1369,Story,8,U026
BP-1370,Story,3,U028
BP-1371,Story,5,U029
BP-1372,Bug,0,U002
BP-1373,Bug,0,U010
BP-1374,Bug,0,U001
BP-1375,Story,1,U014
BP-1376,Story,8,U028
BP-1377,Story,8,U006
BP-1378,Tech Debt,1,U004
BP-1379,Story,1,U022
BP-1380,Bug,0,U022
BP-1381,Bug,0,U011
BP-1382,Story,5,U006
BP-1383,Tech Debt,3,U012
BP-1384,Story,1,U004
BP-1385,Story,8,U026
BP-1386,Story,5,U021
BP-1387,Story,8,U006
BP-1388,Story,2,U011
BP-1389,Story,8,U001
BP-1390,Tech Debt,5,U005
BP-1391,Story,2,U001
BP-1392,Story,8,U012
BP-1393,Story,2,U026
BP-1394,Bug,0,U021
BP-1395,Tech Debt,2,U005
BP-1396,Story,2,U019
BP-1397,Story,5,U001
BP-1398,Bug,0,U003
BP-1399,Story,8,U004
BP-1400,Story,5,U025
BP-1401,Story,5,U012
BP-1402,Story,1,U009
BP-1403,Bug,0,U030
BP-1404,Bug,0,U020
BP-1405,Story,8,U001
BP-1406,Bug,0,U028
BP-1407,Story,2,U011
BP-1408,Bug,0,U019
BP-1409,Story,2,U027
BP-1410,Story,2,U012
BP-1411,Story,8,U004
BP-1412,Story,1,U011
BP-1413,Bug,0,U018
BP-1414,Tech Debt,3,U003
BP-1415,Story,5,U012
BP-1416,Tech Debt,3,U009
BP-1417,Tech Debt,2,U020
BP-1418,Story,1,U013
BP-1419,Story,1,U011
BP-1420,Tech Debt,5,U011
BP-1421,Tech Debt,5,U019
BP-1422,Story,8,U018
BP-1423,Bug,0,U014
BP-1424,Story,5,U020
BP-1425,Story,3,U029
BP-1426,Bug,0,U027
BP-1427,Bug,0,U026
BP-1428,Bug,0,U001
BP-1429,Story,3,U028
BP-1430,Story,1,U011
BP-1431,Story,1,U002
BP-1432,Bug,0,U025
BP-1433,Story,8,U012
BP-1434,Story,1,U017
BP-1435,Story,2,U019
BP-1436,Story,2,U005
BP-1437,Story,2,U029
BP-1438,Bug,0,U010
BP-1439,Bug,0,U022
BP-1440,Tech Debt,5,U004
BP-1441,Story,2,U001
BP-1442,Bug,0,U018
BP-1443,Story,8,U003
BP-1444,Bug,0,U018
BP-1445,Bug,0,U020
BP-1446,Story,2,U003
BP-1447,Story,5,U022
BP-1448,Story,3,U019
BP-1449,Tech Debt,1,U017
BP-1450,Bug,0,U030
BP-1451,Story,2,U021
BP-1452,Bug,0,U029
BP-1453,Story,3,U029
BP-1454,Story,3,U002
BP-1455,Story,8,U001
BP-1456,Story,5,U010
BP-1457,Tech Debt,1,U011
BP-1458,Story,2,U001
BP-1459,Bug,0,U009
BP-1460,Story,1,U003
BP-1461,Story,8,U001
BP-1462,Tech Debt,1,U027
BP-1463,Bug,0,U005
BP-1464,Story,3,U014
BP-1465,Story,8,U014
BP-1466,Story,1,U028
BP-1467,Tech Debt,2,U009
BP-1468,Bug,0,U013
BP-1469,Story,5,U003
BP-1470,Tech Debt,2,U011
BP-1471,Story,8,U014
BP-1472,Story,8,U020
BP-1473,Bug,0,U029
BP-1474,Story,1,U020
BP-1475,Bug,0,U029
BP-1476,Bug,0,U030
BP-1477,Tech Debt,3,U005
BP-1478,Tech Debt,8,U001
BP-1479,Bug,0,U017
BP-1480,Story,8,U030
BP-1481,Story,1,U014
BP-1482,Story,5,U013
BP-1483,Story,8,U020
BP-1484,Story,5,U025
BP-1485,Story,1,U009
BP-1486,Story,3,U010
BP-1487,Bug,0,U028
BP-1488,Tech Debt,1,U014
BP-1489,Bug,0,U025
BP-1490,Bug,0,U020
BP-1491,Story,2,U005
BP-1492,Bug,0,U026
BP-1493,Story,5,U001
BP-1494,Story,2,U002
BP-1495,Story,8,U028
BP-1496,Bug,0,U025
BP-1497,Bug,0,U004
BP-1498,Bug,0,U012
BP-1499,Bug,0,U002
BP-1500,Story,1,U010
BP-1501,Story,1,U003
BP-1502,Bug,0,U029
BP-1503,Story,1,U013
BP-1504,Story,5,U029
BP-1505,Story,8,U014
BP-1506,Story,8,U006
BP-1507,Story,2,U010
BP-1508,Story,3,U028
BP-1509,Tech Debt,2,U029
BP-1510,Bug,0,U014
BP-1511,Story,1,U022
BP-1512,Story,5,U014
BP-1513,Tech Debt,3,U030
BP-1514,Bug,0,U009
BP-1515,Story,5,U026
BP-1516,Story,8,U011
BP-1517,Bug,0,U026
BP-1518,Story,8,U022
BP-1519,Tech Debt,3,U027
BP-1520,Tech Debt,3,U018
BP-1521,Story,1,U020
BP-1522,Story,8,U017
BP-1523,Tech Debt,5,U005
BP-1524,Tech Debt,2,U019
BP-1525,Tech Debt,8,U014
BP-1526,Story,2,U013
BP-1527,Bug,0,U012
BP-1528,Story,1,U022
BP-1529,Bug,0,U003
BP-1530,Story,5,U029
BP-1531,Bug,0,U003
BP-1532,Story,3,U010
BP-1533,Story,3,U018
BP-1534,Story,2,U028
BP-1535,Story,5,U022
BP-1536,Story,5,U009
BP-1537,Story,2,U021
BP-1538,Tech Debt,5,U014
BP-1539,Bug,0,U004
BP-1540,Story,2,U012
BP-1541,Story,2,U028
BP-1542,Story,8,U012
BP-1543,Story,1,U021
BP-1544,Tech Debt,8,U021
BP-1545,Tech Debt,1,U006
BP-1546,Story,3,U005
BP-1547,Story,2,U005
BP-1548,Story,1,U017
BP-1549,Story,2,U022
BP-1550,Story,2,U018
BP-1551,Story,1,U029
BP-1552,Bug,0,U028
BP-1553,Bug,0,U022
BP-1554,Bug,0,U014
BP-1555,Tech Debt,5,U017
BP-1556,Story,1,U020
BP-1557,Tech Debt,8,U022
BP-1558,Story,5,U005
BP-1559,Bug,0,U002
BP-1560,Tech Debt,3,U005
BP-1561,Story,8,U021
BP-1562,Story,3,U003
BP-1563,Story,2,U027
BP-1564,Tech Debt,2,U006
BP-1565,Story,1,U010
BP-1566,Bug,0,U018
BP-1567,Story,1,U017
BP-1568,Tech Debt,5,U003
BP-1569,Tech Debt,8,U026
BP-1570,Story,8,U019
BP-1571,Story,5,U027
BP-1572,Story,2,U029
BP-1573,Story,5,U027
BP-1574,Bug,0,U012
BP-1575,Bug,0,U028
BP-1576,Story,5,U020
BP-1577,Story,2,U013
BP-1578,Bug,0,U030
BP-1579,Story,3,U020
BP-1580,Story,1,U003
BP-1581,Story,3,U001
BP-1582,Story,1,U017
BP-1583,Story,3,U011
BP-1584,Tech Debt,3,U028
BP-1585,Bug,0,U022
BP-1586,Story,3,U014
BP-1587,Story,1,U018
BP-1588,Story,1,U005
BP-1589,Story,1,U021
BP-1590,Story,2,U020
BP-1591,Story,2,U004
BP-1592,Bug,0,U026
BP-1593,Story,5,U003
BP-1594,Story,2,U022
BP-1595,Bug,0,U013
BP-1596,Story,3,U013
BP-1597,Story,2,U026
BP-1598,Bug,0,U018
BP-1599,Story,2,U025
BP-1600,Story,5,U010
BP-1601,Story,8,U030
BP-1602,Story,2,U025
BP-1603,Story,3,U002
BP-1604,Story,3,U026
BP-1605,Bug,0,U022
BP-1606,Tech Debt,5,U022
BP-1607,Tech Debt,8,U022
BP-1608,Story,2,U028
BP-1609,Bug,0,U014
BP-1610,Bug,0,U021
BP-1611,Bug,0,U014
BP-1612,Tech Debt,1,U021
BP-1613,Story,5,U027
BP-1614,Story,3,U021
BP-1615,Bug,0,U002
BP-1616,Tech Debt,2,U025
BP-1617,Bug,0,U020
BP-1618,Tech Debt,8,U027
BP-1619,Tech Debt,8,U014
BP-1620,Story,5,U009
BP-1621,Story,1,U028
BP-1622,Story,5,U004
BP-1623,Bug,0,U002
BP-1624,Story,1,U030
BP-1625,Story,5,U022
BP-1626,Bug,0,U021
BP-1627,Story,3,U030
BP-1628,Tech Debt,8,U014
BP-1629,Tech Debt,8,U005
BP-1630,Story,5,U021
BP-1631,Bug,0,U028
BP-1632,Tech Debt,1,U026
BP-1633,Bug,0,U026
BP-1634,Bug,0,U013
BP-1635,Story,3,U005
BP-1636,Tech Debt,2,U025
BP-1637,Story,1,U022
BP-1638,Story,5,U027
BP-1639,Bug,0,U019
BP-1640,Bug,0,U029
BP-1641,Story,8,U030
BP-1642,Bug,0,U014
BP-1643,Bug,0,U003
BP-1644,Story,8,U005
BP-1645,Story,5,U026
BP-1646,Story,2,U006
BP-1647,Story,3,U013
BP-1648,Tech Debt,2,U001
BP-1649,Bug,0,U026
BP-1650,Bug,0,U009
BP-1651,Story,5,U020
BP-1652,Bug,0,U017
BP-1653,Story,5,U005
BP-1654,Story,3,U028
BP-1655,Story,8,U021
BP-1656,Bug,0,U014
BP-1657,Bug,0,U020
BP-1658,Tech Debt,3,U012
BP-1659,Story,2,U010
BP-1660,Bug,0,U004
BP-1661,Story,3,U019
BP-1662,Story,5,U012
BP-1663,Story,1,U026
BP-1664,Bug,0,U019
BP-1665,Story,8,U002
BP-1666,Story,8,U030
BP-1667,Story,1,U009
BP-1668,Tech Debt,3,U013
BP-1669,Story,5,U018
BP-1670,Tech Debt,2,U001
BP-1671,Bug,0,U025
BP-1672,Story,3,U022
BP-1673,Story,2,U003
BP-1674,Story,2,U006
BP-1675,Story,8,U020
BP-1676,Story,3,U026
BP-1677,Tech Debt,2,U009
BP-1678,Story,2,U013
BP-1679,Story,5,U013
BP-1680,Tech Debt,8,U025
BP-1681,Bug,0,U030
BP-1682,Tech Debt,1,U030
BP-1683,Bug,0,U003
BP-1684,Tech Debt,1,U026
BP-1685,Tech Debt,1,U026
BP-1686,Bug,0,U029
BP-1687,Bug,0,U025
BP-1688,Bug,0,U027
BP-1689,Story,8,U014
BP-1690,Tech Debt,5,U027
BP-1691,Bug,0,U014
BP-1692,Story,2,U006
BP-1693,Story,1,U009
BP-1694,Tech Debt,5,U026
BP-1695,Bug,0,U017
BP-1696,Story,8,U005
BP-1697,Bug,0,U006
BP-1698,Story,1,U027
BP-1699,Story,2,U003
BP-1700,Story,5,U026
BP-1701,Tech Debt,1,U006
BP-1702,Story,1,U009
BP-1703,Bug,0,U025
BP-1704,Tech Debt,5,U020
BP-1705,Story,8,U030
BP-1706,Tech Debt,1,U019
BP-1707,Bug,0,U001
BP-1708,Bug,0,U014
BP-1709,Story,1,U013
BP-1710,Story,2,U017
BP-1711,Story,1,U026
BP-1712,Story,2,U029
BP-1713,Bug,0,U004
BP-1714,Bug,0,U022
BP-1715,Story,1,U009
BP-1716,Tech Debt,2,U020
BP-1717,Tech Debt,3,U028
BP-1718,Story,5,U021
BP-1719,Story,2,U017
BP-1720,Story,2,U010
BP-1721,Tech Debt,2,U027
BP-1722,Story,8,U021
BP-1723,Bug,0,U011
BP-1724,Story,2,U011
BP-1725,Bug,0,U009
BP-1726,Tech Debt,1,U025
BP-1727,Story,3,U009
BP-1728,Story,5,U005
BP-1729,Bug,0,U021
BP-1730,Story,3,U025
BP-1731,Tech Debt,1,U012
BP-1732,Story,2,U014
BP-1733,Story,2,U013
BP-1734,Story,5,U009
BP-1735,Tech Debt,5,U028
BP-1736,Story,5,U030
BP-1737,Bug,0,U005
BP-1738,Story,2,U012
BP-1739,Bug,0,U010
BP-1740,Story,2,U014
BP-1741,Story,2,U004
BP-1742,Story,1,U014
BP-1743,Story,5,U006
BP-1744,Story,8,U027
BP-1745,Story,1,U026
BP-1746,Story,5,U011
BP-1747,Story,2,U014
BP-1748,Story,3,U003
BP-1749,Story,3,U018
BP-1750,Bug,0,U013
BP-1751,Story,2,U011
BP-1752,Story,5,U006
BP-1753,Bug,0,U009
BP-1754,Story,3,U014
BP-1755,Story,2,U028
BP-1756,Tech Debt,3,U019
BP-1757,Tech Debt,1,U029
BP-1758,Story,2,U001
BP-1759,Story,5,U018
BP-1760,Story,1,U022
BP-1761,Story,5,U006
BP-1762,Story,5,U030
BP-1763,Story,2,U005
BP-1764,Story,1,U013
BP-1765,Story,2,U021
BP-1766,Story,1,U030
BP-1767,Story,1,U013
BP-1768,Bug,0,U021
BP-1769,Story,3,U010
BP-1770,Story,8,U019
BP-1771,Bug,0,U010
BP-1772,Tech Debt,3,U006
BP-1773,Story,3,U025
BP-1774,Story,8,U002
BP-1775,Bug,0,U011
BP-1776,Story,2,U010
BP-1777,Story,1,U014
BP-1778,Story,8,U014
BP-1779,Story,5,U027
BP-1780,Story,8,U004
BP-1781,Story,1,U002
BP-1782,Story,1,U030
BP-1783,Bug,0,U006
BP-1784,Bug,0,U009
BP-1785,Bug,0,U018
BP-1786,Tech Debt,8,U019
BP-1787,Story,5,U029
BP-1788,Story,2,U005
BP-1789,Bug,0,U021
BP-1790,Story,8,U009
BP-1791,Tech Debt,8,U003
BP-1792,Bug,0,U017
BP-1793,Story,8,U014
BP-1794,Bug,0,U003
BP-1795,Story,1,U009
BP-1796,Story,1,U006
BP-1797,Story,5,U028
BP-1798,Tech Debt,5,U009
BP-1799,Bug,0,U011
BP-1800,Story,2,U020
BP-1801,Story,5,U026
BP-1802,Bug,0,U014
BP-1803,Story,2,U013
BP-1804,Story,2,U009
BP-1805,Story,8,U010
BP-1806,Story,8,U011
BP-1807,Tech Debt,8,U009
BP-1808,Story,2,U006
BP-1809,Story,1,U006
BP-1810,Tech Debt,1,U011
BP-1811,Bug,0,U027
BP-1812,Story,1,U017
BP-1813,Tech Debt,1,U027
BP-1814,Story,2,U014
BP-1815,Tech Debt,2,U028
BP-1816,Tech Debt,3,U017
BP-1817,Bug,0,U006
BP-1818,Story,1,U027
BP-1819,Story,8,U021
BP-1820,Tech Debt,8,U022
BP-1821,Story,2,U004
BP-1822,Story,8,U027
BP-1823,Story,5,U026
BP-1824,Story,8,U012
BP-1825,Story,2,U028
BP-1826,Story,1,U018
BP-1827,Story,3,U019
BP-1828,Story,8,U017
BP-1829,Story,3,U019
BP-1830,Story,5,U018
BP-1831,Tech Debt,1,U004
BP-1832,Bug,0,U014
BP-1833,Tech Debt,8,U029
BP-1834,Bug,0,U014
BP-1835,Story,1,U014
BP-1836,Story,1,U010
BP-1837,Story,1,U021
BP-1838,Bug,0,U010
BP-1839,Bug,0,U025
BP-1840,Story,1,U005
BP-1841,Story,8,U026
BP-1842,Story,8,U012
BP-1843,Story,8,U005
BP-1844,Story,5,U027
BP-1845,Story,1,U022
BP-1846,Bug,0,U011
BP-1847,Story,8,U011
BP-1848,Story,2,U003
BP-1849,Story,5,U028
BP-1850,Story,8,U028
BP-1851,Story,3,U004
BP-1852,Tech Debt,1,U030
BP-1853,Story,5,U014
BP-1854,Story,8,U020
BP-1855,Bug,0,U029
BP-1856,Story,8,U014
BP-1857,Bug,0,U009
BP-1858,Story,5,U001
BP-1859,Bug,0,U030
BP-1860,Story,2,U005
BP-1861,Story,8,U026
BP-1862,Bug,0,U026
BP-1863,Bug,0,U030
BP-1864,Story,3,U010
BP-1865,Story,3,U012
BP-1866,Bug,0,U030
BP-1867,Story,8,U001
BP-1868,Story,3,U025
BP-1869,Bug,0,U026
BP-1870,Story,5,U019
BP-1871,Story,5,U022
BP-1872,Story,8,U025
BP-1873,Story,5,U028
BP-1874,Story,5,U026
BP-1875,Bug,0,U017
BP-1876,Story,2,U006
BP-1877,Story,1,U010
BP-1878,Story,3,U018
BP-1879,Story,1,U010
BP-1880,Bug,0,U018
BP-1881,Bug,0,U028
BP-1882,Bug,0,U025
BP-1883,Story,5,U026
BP-1884,Story,2,U006
BP-1885,Tech Debt,5,U017
BP-1886,Story,5,U022
BP-1887,Story,5,U003
BP-1888,Story,1,U006
BP-1889,Tech Debt,3,U022
BP-1890,Tech Debt,8,U014
BP-1891,Tech Debt,5,U003
BP-1892,Bug,0,U020
BP-1893,Bug,0,U018
BP-1894,Story,5,U020
BP-1895,Bug,0,U004
BP-1896,Bug,0,U014
BP-1897,Story,2,U004
BP-1898,Story,5,U013
BP-1899,Story,2,U021
BP-1900,Story,5,U029
BP-1901,Story,1,U019
BP-1902,Story,8,U005
BP-1903,Story,8,U013
BP-1904,Story,1,U010
BP-1905,Tech Debt,3,U029
BP-1906,Story,3,U017
BP-1907,Tech Debt,1,U003
BP-1908,Story,3,U029
BP-1909,Bug,0,U012
BP-1910,Story,3,U017
BP-1911,Tech Debt,2,U004
BP-1912,Story,8,U009
BP-1913,Story,1,U014
BP-1914,Story,8,U001
BP-1915,Tech Debt,3,U018
BP-1916,Tech Debt,8,U026
BP-1917,Story,1,U020
BP-1918,Story,5,U003
BP-1919,Story,1,U020
BP-1920,Bug,0,U005
BP-1921,Story,8,U014
BP-1922,Story,2,U030
BP-1923,Story,5,U003
BP-1924,Bug,0,U021
BP-1925,Story,1,U002
BP-1926,Story,3,U011
BP-1927,Story,3,U029
BP-1928,Story,1,U019
BP-1929,Bug,0,U013
BP-1930,Story,3,U013
BP-1931,Story,1,U006
BP-1932,Story,8,U030
BP-1933,Story,1,U029
BP-1934,Story,8,U010
BP-1935,Story,2,U003
BP-1936,Story,2,U030
BP-1937,Story,2,U005
BP-1938,Bug,0,U030
BP-1939,Tech Debt,8,U025
BP-1940,Story,1,U011
BP-1941,Bug,0,U011
BP-1942,Story,3,U010
BP-1943,Story,1,U021
BP-1944,Bug,0,U020
BP-1945,Bug,0,U011
BP-1946,Story,2,U021
BP-1947,Story,1,U014
BP-1948,Tech Debt,5,U029
BP-1949,Bug,0,U029
BP-1950,Story,8,U030
BP-1951,Story,1,U010
BP-1952,Bug,0,U010
BP-1953,Story,5,U013
BP-1954,Story,5,U029
BP-1955,Story,5,U005
BP-1956,Story,8,U013
BP-1957,Story,1,U026
BP-1958,Bug,0,U021
BP-1959,Bug,0,U014
BP-1960,Story,5,U020
BP-1961,Tech Debt,2,U014
BP-1962,Bug,0,U010
BP-1963,Bug,0,U029
BP-1964,Story,8,U030
BP-1965,Tech Debt,5,U029
BP-1966,Story,1,U019
BP-1967,Story,5,U018
BP-1968,Story,3,U014
BP-1969,Story,5,U027
BP-1970,Story,8,U017
BP-1971,Story,5,U018
BP-1972,Story,3,U028
BP-1973,Story,3,U003
BP-1974,Story,5,U002
BP-1975,Story,3,U021
BP-1976,Story,8,U022
BP-1977,Tech Debt,8,U003
BP-1978,Story,3,U019
BP-1979,Bug,0,U006
BP-1980,Story,2,U002
BP-1981,Story,2,U006
BP-1982,Bug,0,U010
BP-1983,Tech Debt,3,U004
BP-1984,Story,3,U011
BP-1985,Story,2,U012
BP-1986,Story,5,U003
BP-1987,Story,5,U001
BP-1988,Story,2,U027
BP-1989,Bug,0,U011
BP-1990,Story,3,U005
BP-1991,Story,5,U025
BP-1992,Story,3,U009
BP-1993,Bug,0,U027
BP-1994,Story,2,U022
BP-1995,Bug,0,U011
BP-1996,Story,5,U021
BP-1997,Story,8,U030
BP-1998,Story,1,U028
BP-1999,Story,3,U013
BP-2000,Story,2,U012
BP-2001,Bug,0,U029
BP-2002,Story,2,U009
BP-2003,Story,8,U025
BP-2004,Story,8,U013
BP-2005,Story,5,U029
BP-2006,Story,2,U022
BP-2007,Bug,0,U020
BP-2008,Story,1,U004
BP-2009,Story,5,U029
BP-2010,Tech Debt,5,U013
BP-2011,Story,2,U018
BP-2012,Bug,0,U021
BP-2013,Tech Debt,1,U029
BP-2014,Story,1,U012
BP-2015,Story,5,U025
BP-2016,Story,3,U013
BP-2017,Story,2,U003
BP-2018,Tech Debt,5,U030
BP-2019,Story,5,U010
BP-2020,Bug,0,U018
BP-2021,Tech Debt,1,U005
BP-2022,Bug,0,U026
BP-2023,Bug,0,U027
BP-2024,Story,2,U004
BP-2025,Bug,0,U030
BP-2026,Bug,0,U026
BP-2027,Story,1,U009
BP-2028,Story,3,U019
BP-2029,Story,2,U027
BP-2030,Story,5,U028
BP-2031,Story,1,U001
BP-2032,Story,3,U002
BP-2033,Bug,0,U006
BP-2034,Bug,0,U017
BP-2035,Bug,0,U001
BP-2036,Story,5,U002
BP-2037,Story,1,U027
BP-2038,Story,8,U013
BP-2039,Story,3,U020
BP-2040,Story,1,U017
BP-2041,Story,5,U005
BP-2042,Story,5,U029
BP-2043,Tech Debt,1,U029
BP-2044,Bug,0,U006
BP-2045,Story,8,U022
BP-2046,Story,3,U011
BP-2047,Bug,0,U012
BP-2048,Story,8,U006
BP-2049,Story,1,U002
BP-2050,Story,8,U029
BP-2051,Bug,0,U020
BP-2052,Story,8,U010
BP-2053,Story,5,U009
BP-2054,Story,1,U006
BP-2055,Tech Debt,5,U006
BP-2056,Story,5,U025
BP-2057,Story,8,U012
BP-2058,Story,3,U017
BP-2059,Story,5,U025
BP-2060,Story,1,U026
BP-2061,Story,8,U006
BP-2062,Story,1,U020
BP-2063,Story,8,U017
BP-2064,Bug,0,U012
BP-2065,Tech Debt,3,U010
BP-2066,Tech Debt,5,U012
BP-2067,Story,1,U021
BP-2068,Story,1,U002
BP-2069,Story,5,U017
BP-2070,Bug,0,U011
BP-2071,Story,5,U018
BP-2072,Story,3,U017
BP-2073,Story,2,U020
BP-2074,Story,3,U029
BP-2075,Story,8,U001
BP-2076,Story,3,U029
BP-2077,Story,3,U003
BP-2078,Story,5,U018
BP-2079,Tech Debt,1,U027
BP-2080,Bug,0,U003
BP-2081,Story,1,U009
BP-2082,Bug,0,U025
BP-2083,Story,2,U030
BP-2084,Tech Debt,3,U029
BP-2085,Story,2,U022
BP-2086,Bug,0,U012
BP-2087,Bug,0,U014
BP-2088,Bug,0,U009
BP-2089,Story,5,U019
BP-2090,Story,8,U003
BP-2091,Tech Debt,2,U029
BP-2092,Story,2,U011
BP-2093,Story,5,U021
BP-2094,Tech Debt,8,U012
BP-2095,Story,2,U019
BP-2096,Story,3,U009
BP-2097,Story,3,U025
BP-2098,Bug,0,U021
BP-2099,Tech Debt,1,U022
BP-2100,Story,3,U003
BP-2101,Story,5,U017
BP-2102,Tech Debt,8,U013
BP-2103,Bug,0,U013
BP-2104,Story,3,U003
BP-2105,Story,3,U012
BP-2106,Bug,0,U028
BP-2107,Tech Debt,2,U020
BP-2108,Bug,0,U003
BP-2109,Story,2,U002
BP-2110,Tech Debt,2,U004
BP-2111,Story,5,U029
BP-2112,Story,8,U013
BP-2113,Story,3,U029
BP-2114,Story,1,U022
BP-2115,Tech Debt,8,U011
BP-2116,Story,5,U018
BP-2117,Story,8,U014
BP-2118,Story,5,U029
BP-2119,Story,5,U005
BP-2120,Tech Debt,5,U021
BP-2121,Tech Debt,2,U026
BP-2122,Story,2,U010
BP-2123,Story,2,U013
BP-2124,Tech Debt,3,U012
BP-2125,Story,8,U022
BP-2126,Story,8,U011
BP-2127,Story,2,U029
BP-2128,Tech Debt,5,U001
BP-2129,Story,8,U005
BP-2130,Story,5,U006
BP-2131,Story,2,U011
BP-2132,Story,5,U026
BP-2133,Story,8,U014
BP-2134,Story,3,U010
BP-2135,Bug,0,U009
BP-2136,Bug,0,U018
BP-2137,Bug,0,U019
BP-2138,Story,2,U027
BP-2139,Story,1,U012
BP-2140,Bug,0,U002
BP-2141,Tech Debt,8,U019
BP-2142,Story,1,U003
BP-2143,Bug,0,U005
BP-2144,Story,5,U001
BP-2145,Tech Debt,5,U009
BP-2146,Bug,0,U020
BP-2147,Story,8,U013
BP-2148,Story,1,U001
BP-2149,Story,5,U004
BP-2150,Story,8,U005
BP-2151,Story,3,U018
BP-2152,Story,3,U028
BP-2153,Story,5,U026
BP-2154,Bug,0,U029
BP-2155,Story,1,U005
BP-2156,Story,1,U006
BP-2157,Tech Debt,8,U029
BP-2158,Story,2,U021
BP-2159,Tech Debt,5,U006
BP-2160,Story,1,U028
BP-2161,Bug,0,U013
BP-2162,Story,1,U030
BP-2163,Tech Debt,8,U026
BP-2164,Tech Debt,8,U014
BP-2165,Story,3,U026
BP-2166,Story,5,U009
BP-2167,Bug,0,U010
BP-2168,Story,3,U021
BP-2169,Story,8,U012
BP-2170,Story,8,U004
BP-2171,Story,3,U004
BP-2172,Bug,0,U001
BP-2173,Story,3,U030
BP-2174,Story,1,U010
BP-2175,Bug,0,U003
BP-2176,Story,8,U001
BP-2177,Tech Debt,1,U009
BP-2178,Story,3,U029
BP-2179,Bug,0,U020
BP-2180,Story,3,U027
BP-2181,Bug,0,U022
BP-2182,Story,8,U005
BP-2183,Story,3,U005
BP-2184,Story,8,U002
BP-2185,Story,2,U026
BP-2186,Bug,0,U002
BP-2187,Bug,0,U002
BP-2188,Story,1,U004
BP-2189,Story,8,U027
BP-2190,Story,5,U002
BP-2191,Story,8,U020
BP-2192,Bug,0,U009
BP-2193,Tech Debt,1,U029
BP-2194,Bug,0,U010
BP-2195,Story,1,U014
BP-2196,Story,1,U003
BP-2197,Story,8,U028
BP-2198,Tech Debt,3,U010
BP-2199,Tech Debt,2,U012
BP-2200,Bug,0,U010
BP-2201,Story,3,U013
BP-2202,Tech Debt,1,U019
BP-2203,Story,2,U017
BP-2204,Story,5,U014
BP-2205,Story,2,U017
BP-2206,Story,8,U002
BP-2207,Story,5,U009
BP-2208,Tech Debt,2,U005
BP-2209,Story,1,U026
BP-2210,Story,5,U017
BP-2211,Bug,0,U006
BP-2212,Story,2,U029
BP-2213,Story,1,U002
BP-2214,Story,8,U028
BP-2215,Tech Debt,8,U004
BP-2216,Story,8,U011
BP-2217,Story,3,U017
BP-2218,Tech Debt,3,U025
BP-2219,Bug,0,U018
BP-2220,Story,8,U002
BP-2221,Story,1,U002
BP-2222,Bug,0,U027
BP-2223,Story,3,U010
BP-2224,Story,5,U001
BP-2225,Tech Debt,3,U002
BP-2226,Story,5,U001
BP-2227,Bug,0,U018
BP-2228,Story,1,U030
BP-2229,Tech Debt,3,U025
BP-2230,Tech Debt,3,U011
BP-2231,Bug,0,U025
BP-2232,Story,5,U028
BP-2233,Bug,0,U012
BP-2234,Story,1,U010
BP-2235,Bug,0,U010
BP-2236,Tech Debt,5,U003
BP-2237,Story,3,U019
BP-2238,Story,5,U028
BP-2239,Bug,0,U017
BP-2240,Story,8,U006
BP-2241,Bug,0,U003
BP-2242,Tech Debt,5,U003
BP-2243,Tech Debt,3,U011
BP-2244,Story,8,U012
BP-2245,Tech Debt,1,U010
BP-2246,Story,3,U012
BP-2247,Story,8,U021
BP-2248,Bug,0,U005
BP-2249,Bug,0,U017
BP-2250,Story,3,U004
BP-2251,Story,5,U009
BP-2252,Bug,0,U030
BP-2253,Story,1,U018
BP-2254,Story,8,U020
BP-2255,Story,1,U018
BP-2256,Tech Debt,2,U027
BP-2257,Story,5,U001
BP-2258,Bug,0,U028
BP-2259,Story,8,U002
BP-2260,Tech Debt,8,U001
BP-2261,Story,5,U022
BP-2262,Bug,0,U010
BP-2263,Bug,0,U003
BP-2264,Story,5,U009
BP-2265,Story,2,U021
BP-2266,Story,5,U013
BP-2267,Story,2,U025
BP-2268,Story,5,U014
BP-2269,Bug,0,U012
BP-2270,Story,1,U020
BP-2271,Story,3,U019
BP-2272,Story,8,U014
BP-2273,Story,2,U017
BP-2274,Story,1,U009
BP-2275,Tech Debt,1,U003
BP-2276,Story,5,U006
BP-2277,Bug,0,U013
BP-2278,Bug,0,U019
BP-2279,Story,2,U017
BP-2280,Story,3,U003
BP-2281,Story,5,U013
BP-2282,Story,5,U009
BP-2283,Tech Debt,1,U025
BP-2284,Story,2,U018
BP-2285,Tech Debt,2,U022
BP-2286,Story,5,U009
BP-2287,Story,2,U010
BP-2288,Bug,0,U025
BP-2289,Tech Debt,8,U028
BP-2290,Story,3,U010
BP-2291,Story,1,U028
BP-2292,Story,3,U019
BP-2293,Story,3,U022
BP-2294,Story,8,U009
BP-2295,Story,8,U003
BP-2296,Story,1,U022
BP-2297,Story,8,U029
BP-2298,Tech Debt,3,U026
BP-2299,Tech Debt,1,U005
BP-2300,Tech Debt,8,U002
BP-2301,Story,1,U006
BP-2302,Story,5,U012
BP-2303,Tech Debt,2,U013
BP-2304,Bug,0,U019
BP-2305,Story,3,U027
BP-2306,Bug,0,U017
BP-2307,Bug,0,U029
BP-2308,Story,8,U014
BP-2309,Story,2,U006
BP-2310,Story,2,U005
BP-2311,Story,3,U002
BP-2312,Story,5,U006
BP-2313,Story,5,U018
BP-2314,Story,1,U017
BP-2315,Tech Debt,2,U027
BP-2316,Story,3,U006
BP-2317,Bug,0,U029
BP-2318,Bug,0,U017
BP-2319,Bug,0,U018
BP-2320,Bug,0,U004
BP-2321,Bug,0,U014
BP-2322,Story,8,U001
BP-2323,Bug,0,U014
BP-2324,Story,5,U002
BP-2325,Bug,0,U019
BP-2326,Story,2,U012
BP-2327,Story,3,U002
BP-2328,Tech Debt,2,U021
BP-2329,Tech Debt,2,U013
BP-2330,Bug,0,U026
BP-2331,Story,5,U012
BP-2332,Tech Debt,3,U026
BP-2333,Story,2,U021
BP-2334,Bug,0,U010
BP-2335,Story,5,U021
BP-2336,Story,3,U022
BP-2337,Story,3,U009
BP-2338,Bug,0,U011
BP-2339,Story,8,U018
BP-2340,Story,8,U004
BP-2341,Bug,0,U018
BP-2342,Story,1,U013
BP-2343,Bug,0,U026
BP-2344,Story,2,U013
BP-2345,Tech Debt,5,U018
BP-2346,Bug,0,U014
BP-2347,Story,1,U025
BP-2348,Tech Debt,3,U013
BP-2349,Bug,0,U003
BP-2350,Bug,0,U001
BP-2351,Story,1,U001
BP-2352,Story,3,U013
BP-2353,Bug,0,U002
BP-2354,Story,2,U012
BP-2355,Story,2,U010
BP-2356,Bug,0,U001
BP-2357,Story,1,U010
BP-2358,Story,2,U025
BP-2359,Story,1,U009
BP-2360,Story,5,U020
BP-2361,Tech Debt,2,U019
BP-2362,Story,8,U021
BP-2363,Tech Debt,2,U012
BP-2364,Bug,0,U017
BP-2365,Story,8,U003
BP-2366,Story,3,U017
BP-2367,Story,2,U012
BP-2368,Bug,0,U011
BP-2369,Story,1,U021
BP-2370,Story,8,U003
BP-2371,Bug,0,U022
BP-2372,Bug,0,U021
BP-2373,Bug,0,U020
BP-2374,Bug,0,U026
BP-2375,Story,2,U004
BP-2376,Story,8,U022
BP-2377,Story,2,U026
BP-2378,Story,8,U001
BP-2379,Bug,0,U020
BP-2380,Story,3,U009
BP-2381,Story,8,U019
BP-2382,Story,8,U022
BP-2383,Story,5,U014
BP-2384,Story,1,U014
BP-2385,Story,1,U005
BP-2386,Bug,0,U001
BP-2387,Bug,0,U010
BP-2388,Story,1,U001
BP-2389,Bug,0,U030
BP-2390,Story,3,U013
BP-2391,Story,3,U020
BP-2392,Tech Debt,2,U011
BP-2393,Tech Debt,2,U002
BP-2394,Bug,0,U010
BP-2395,Story,8,U014
BP-2396,Story,1,U020
BP-2397,Bug,0,U017
BP-2398,Tech Debt,3,U014
BP-2399,Tech Debt,1,U001
BP-2400,Story,2,U004
BP-2401,Story,1,U025
BP-2402,Tech Debt,2,U004
BP-2403,Story,1,U010
BP-2404,Bug,0,U009
BP-2405,Story,5,U030
BP-2406,Story,8,U029
BP-2407,Story,3,U022
BP-2408,Story,8,U028
BP-2409,Bug,0,U030
BP-2410,Bug,0,U020
BP-2411,Story,1,U011
BP-2412,Story,1,U027
BP-2413,Story,1,U029
BP-2414,Bug,0,U006
BP-2415,Story,2,U026
BP-2416,Tech Debt,2,U014
BP-2417,Story,5,U021
BP-2418,Story,2,U014
BP-2419,Story,1,U005
BP-2420,Story,3,U010
BP-2421,Bug,0,U022
BP-2422,Tech Debt,5,U022
BP-2423,Story,2,U017
BP-2424,Story,1,U001
BP-2425,Tech Debt,5,U001
BP-2426,Tech Debt,2,U012
BP-2427,Story,3,U004
BP-2428,Story,2,U025
BP-2429,Story,2,U029
BP-2430,Story,2,U025
BP-2431,Story,8,U019
BP-2432,Story,2,U025
BP-2433,Story,2,U013
BP-2434,Story,8,U026
BP-2435,Bug,0,U001
BP-2436,Story,5,U003
BP-2437,Tech Debt,5,U001
BP-2438,Story,5,U018
BP-2439,Story,3,U022
BP-2440,Tech Debt,5,U003
BP-2441,Tech Debt,3,U029
BP-2442,Bug,0,U012
BP-2443,Bug,0,U030
BP-2444,Story,2,U021
BP-2445,Story,3,U020
BP-2446,Story,2,U006
BP-2447,Story,1,U019
BP-2448,Tech Debt,3,U027
BP-2449,Bug,0,U009
BP-2450,Story,1,U001
BP-2451,Story,8,U004
BP-2452,Bug,0,U003
BP-2453,Story,8,U011
BP-2454,Bug,0,U020
BP-2455,Story,5,U012
BP-2456,Story,2,U017
BP-2457,Story,8,U014
BP-2458,Story,2,U012
BP-2459,Story,1,U011
BP-2460,Story,2,U030
BP-2461,Bug,0,U019
BP-2462,Bug,0,U017
BP-2463,Story,2,U001
BP-2464,Bug,0,U001
BP-2465,Story,5,U025
BP-2466,Story,8,U005
BP-2467,Story,3,U030
BP-2468,Bug,0,U002
BP-2469,Story,5,U004
BP-2470,Story,8,U028
BP-2471,Tech Debt,8,U020
BP-2472,Story,3,U002
BP-2473,Bug,0,U009
BP-2474,Story,1,U010
BP-2475,Bug,0,U003
BP-2476,Bug,0,U010
BP-2477,Bug,0,U030
BP-2478,Tech Debt,3,U018
BP-2479,Story,1,U028
BP-2480,Story,3,U005
BP-2481,Story,5,U011
BP-2482,Bug,0,U004
BP-2483,Tech Debt,5,U025
BP-2484,Story,5,U011
BP-2485,Story,5,U010
BP-2486,Story,1,U030
BP-2487,Story,1,U012
BP-2488,Bug,0,U020
BP-2489,Bug,0,U026
BP-2490,Story,8,U020
BP-2491,Story,2,U017
BP-2492,Bug,0,U014
BP-2493,Story,5,U022
BP-2494,Story,5,U004
BP-2495,Story,5,U013
BP-2496,Story,2,U011
BP-2497,Tech Debt,2,U014
BP-2498,Story,3,U009
BP-2499,Story,8,U011
BP-2500,Bug,0,U028
BP-2501,Tech Debt,1,U014
BP-2502,Story,3,U001
BP-2503,Story,5,U004
BP-2504,Story,5,U002
BP-2505,Story,3,U018
BP-2506,Story,2,U010
BP-2507,Bug,0,U009
BP-2508,Bug,0,U014
BP-2509,Story,1,U025
BP-2510,Tech Debt,1,U006
BP-2511,Bug,0,U004
BP-2512,Bug,0,U017
BP-2513,Bug,0,U012
BP-2514,Story,8,U005
BP-2515,Story,3,U029
BP-2516,Story,8,U002
BP-2517,Story,2,U011
BP-2518,Story,5,U022
BP-2519,Bug,0,U004
BP-2520,Story,1,U027
BP-2521,Story,1,U014
BP-2522,Story,2,U005
BP-2523,Tech Debt,8,U011
BP-2524,Story,8,U021
BP-2525,Story,1,U011
BP-2526,Tech Debt,5,U019
BP-2527,Bug,0,U022
BP-2528,Story,3,U004
BP-2529,Tech Debt,5,U017
BP-2530,Story,2,U027
BP-2531,Story,5,U019
BP-2532,Bug,0,U004
BP-2533,Bug,0,U021
BP-2534,Bug,0,U009
BP-2535,Story,2,U027
BP-2536,Story,2,U030
BP-2537,Tech Debt,8,U029
BP-2538,Tech Debt,5,U028
BP-2539,Story,8,U011
BP-2540,Tech Debt,2,U022
BP-2541,Story,3,U019
BP-2542,Story,3,U004
BP-2543,Tech Debt,2,U026
BP-2544,Story,5,U030
BP-2545,Bug,0,U006
BP-2546,Story,1,U019
BP-2547,Story,3,U005
BP-2548,Story,2,U004
BP-2549,Story,5,U026
BP-2550,Bug,0,U001
BP-2551,Story,2,U011
BP-2552,Story,1,U014
BP-2553,Story,2,U001
BP-2554,Tech Debt,3,U001
BP-2555,Story,1,U017
BP-2556,Story,5,U018
BP-2557,Story,5,U014
BP-2558,Story,1,U017
BP-2559,Story,8,U017
BP-2560,Story,2,U017
BP-2561,Story,1,U028
BP-2562,Story,1,U027
BP-2563,Bug,0,U013
BP-2564,Story,8,U013
BP-2565,Bug,0,U030
BP-2566,Story,3,U025
BP-2567,Bug,0,U030
BP-2568,Story,3,U029
BP-2569,Bug,0,U029
BP-2570,Story,5,U030
BP-2571,Tech Debt,8,U019
BP-2572,Bug,0,U001
BP-2573,Story,1,U021
BP-2574,Bug,0,U009
BP-2575,Story,5,U019
BP-2576,Story,1,U028
BP-2577,Story,8,U017
BP-2578,Story,3,U027
BP-2579,Story,2,U006
BP-2580,Story,2,U030
BP-2581,Story,8,U017
BP-2582,Bug,0,U017
BP-2583,Story,1,U014
BP-2584,Bug,0,U019
BP-2585,Story,1,U018
BP-2586,Bug,0,U030
BP-2587,Story,2,U020
BP-2588,Story,1,U022
BP-2589,Story,5,U030
BP-2590,Story,1,U030
BP-2591,Story,5,U025
BP-2592,Bug,0,U010
BP-2593,Tech Debt,5,U005
BP-2594,Story,8,U012
BP-2595,Story,1,U029
BP-2596,Bug,0,U012
BP-2597,Bug,0,U004
BP-2598,Story,2,U012
BP-2599,Story,1,U019
BP-2600,Bug,0,U005
BP-2601,Bug,0,U029
BP-2602,Tech Debt,2,U011
BP-2603,Bug,0,U027
BP-2604,Story,2,U002
BP-2605,Story,1,U012
BP-2606,Story,8,U009
BP-2607,Story,8,U018
BP-2608,Bug,0,U009
BP-2609,Bug,0,U005
BP-2610,Tech Debt,8,U018
BP-2611,Story,3,U006
BP-2612,Story,1,U011
BP-2613,Story,1,U020
BP-2614,Story,3,U010
BP-2615,Bug,0,U002
BP-2616,Bug,0,U010
BP-2617,Tech Debt,2,U026
BP-2618,Bug,0,U003
BP-2619,Bug,0,U019
BP-2620,Bug,0,U003
BP-2621,Bug,0,U027
BP-2622,Bug,0,U017
BP-2623,Story,2,U006
BP-2624,Story,2,U003
BP-2625,Tech Debt,1,U021
BP-2626,Tech Debt,3,U006
BP-2627,Story,8,U001
BP-2628,Tech Debt,5,U011
BP-2629,Story,2,U030
BP-2630,Bug,0,U022
BP-2631,Bug,0,U010
BP-2632,Story,3,U029
BP-2633,Story,5,U004
BP-2634,Story,2,U013
BP-2635,Story,8,U026
BP-2636,Bug,0,U012
BP-2637,Story,8,U022
BP-2638,Story,3,U001
BP-2639,Story,1,U020
BP-2640,Story,2,U005
BP-2641,Story,5,U029
BP-2642,Story,1,U009
BP-2643,Story,8,U025
BP-2644,Tech Debt,5,U010
BP-2645,Bug,0,U026
BP-2646,Bug,0,U019
BP-2647,Story,5,U027
BP-2648,Story,5,U011
BP-2649,Tech Debt,5,U018
BP-2650,Bug,0,U022
BP-2651,Story,8,U028
BP-2652,Story,2,U005
BP-2653,Story,2,U013
BP-2654,Bug,0,U019
BP-2655,Bug,0,U006
BP-2656,Story,8,U021
BP-2657,Bug,0,U001
BP-2658,Story,3,U013
BP-2659,Story,2,U022
BP-2660,Bug,0,U025
BP-2661,Tech Debt,2,U010
BP-2662,Story,5,U025
BP-2663,Bug,0,U003
BP-2664,Bug,0,U001
BP-2665,Bug,0,U002
BP-2666,Tech Debt,3,U003
BP-2667,Bug,0,U022
BP-2668,Story,2,U014
BP-2669,Tech Debt,2,U025
BP-2670,Story,1,U012
BP-2671,Bug,0,U004
BP-2672,Bug,0,U019
BP-2673,Story,1,U019
BP-2674,Story,1,U001
BP-2675,Story,2,U028
BP-2676,Story,1,U018
BP-2677,Story,3,U006
BP-2678,Bug,0,U030
BP-2679,Story,5,U018
BP-2680,Story,5,U022
BP-2681,Story,8,U017
BP-2682,Story,5,U018
BP-2683,Bug,0,U025
BP-2684,Tech Debt,2,U022
BP-2685,Story,8,U003
BP-2686,Tech Debt,3,U030
BP-2687,Story,3,U030
BP-2688,Story,8,U026
BP-2689,Bug,0,U030
BP-2690,Story,1,U009
BP-2691,Story,2,U013
BP-2692,Tech Debt,8,U026
BP-2693,Bug,0,U014
BP-2694,Bug,0,U003
BP-2695,Bug,0,U020
BP-2696,Story,8,U022
BP-2697,Story,5,U027
BP-2698,Bug,0,U009
BP-2699,Tech Debt,3,U002
BP-2700,Story,1,U012
BP-2701,Bug,0,U004
BP-2702,Story,8,U017
BP-2703,Story,5,U029
BP-2704,Bug,0,U004
BP-2705,Story,2,U021
BP-2706,Story,3,U010
BP-2707,Bug,0,U022
BP-2708,Story,3,U009
BP-2709,Tech Debt,1,U017
BP-2710,Tech Debt,2,U022
BP-2711,Tech Debt,3,U030
BP-2712,Tech Debt,3,U014
BP-2713,Story,8,U009
BP-2714,Story,8,U018
BP-2715,Bug,0,U013
BP-2716,Story,3,U030
BP-2717,Story,8,U003
BP-2718,Tech Debt,2,U013
BP-2719,Tech Debt,1,U022
BP-2720,Story,1,U030
BP-2721,Bug,0,U029
BP-2722,Story,3,U029
BP-2723,Story,8,U010
BP-2724,Bug,0,U010
BP-2725,Story,5,U019
BP-2726,Story,1,U002
BP-2727,Tech Debt,5,U001
BP-2728,Story,5,U030
BP-2729,Bug,0,U011
BP-2730,Story,2,U009
BP-2731,Bug,0,U010
BP-2732,Bug,0,U003
BP-2733,Story,2,U002
BP-2734,Story,8,U017
BP-2735,Tech Debt,3,U022
BP-2736,Bug,0,U009
BP-2737,Bug,0,U027
BP-2738,Story,8,U004
BP-2739,Tech Debt,2,U010
BP-2740,Bug,0,U011
BP-2741,Bug,0,U010
BP-2742,Bug,0,U028
BP-2743,Story,1,U005
BP-2744,Story,5,U013
BP-2745,Story,3,U018
BP-2746,Story,2,U006
BP-2747,Story,1,U026
BP-2748,Tech Debt,1,U003
BP-2749,Story,1,U028
BP-2750,Story,8,U018
BP-2751,Bug,0,U018
BP-2752,Story,1,U022
BP-2753,Tech Debt,5,U025
BP-2754,Story,8,U005
BP-2755,Story,8,U028
BP-2756,Story,8,U003
BP-2757,Story,5,U029
BP-2758,Story,8,U021
BP-2759,Story,2,U027
BP-2760,Bug,0,U010
BP-2761,Story,1,U002
BP-2762,Story,5,U003
BP-2763,Bug,0,U027
BP-2764,Story,5,U029
BP-2765,Story,1,U026
BP-2766,Story,1,U011
BP-2767,Bug,0,U026
BP-2768,Bug,0,U003
BP-2769,Story,5,U026
BP-2770,Story,3,U009
BP-2771,Tech Debt,1,U011
BP-2772,Story,5,U011
BP-2773,Bug,0,U021
BP-2774,Tech Debt,1,U021
BP-2775,Tech Debt,2,U019
BP-2776,Tech Debt,1,U010
BP-2777,Tech Debt,8,U018
BP-2778,Bug,0,U029
BP-2779,Story,8,U003
BP-2780,Tech Debt,5,U027
BP-2781,Bug,0,U006
BP-2782,Tech Debt,1,U030
BP-2783,Tech Debt,5,U018
BP-2784,Story,3,U005
BP-2785,Tech Debt,1,U003
BP-2786,Bug,0,U006
BP-2787,Story,3,U004
BP-2788,Bug,0,U019
BP-2789,Story,1,U018
BP-2790,Bug,0,U002
BP-2791,Tech Debt,8,U019
BP-2792,Story,8,U027
BP-2793,Story,5,U004
BP-2794,Story,5,U026
BP-2795,Bug,0,U028
BP-2796,Bug,0,U002
BP-2797,Story,1,U009
BP-2798,Bug,0,U021
BP-2799,Bug,0,U001
BP-2800,Story,3,U018
BP-2801,Story,5,U019
BP-2802,Bug,0,U009
BP-2803,Tech Debt,5,U021
BP-2804,Story,1,U013
BP-2805,Bug,0,U025
BP-2806,Story,2,U002
BP-2807,Story,2,U002
BP-2808,Story,2,U014
BP-2809,Bug,0,U002
BP-2810,Bug,0,U014
BP-2811,Story,3,U004
BP-2812,Bug,0,U004
BP-2813,Bug,0,U020
BP-2814,Bug,0,U014
BP-2815,Story,3,U020
BP-2816,Story,8,U014
BP-2817,Bug,0,U017
BP-2818,Story,2,U012
BP-2819,Story,5,U011
BP-2820,Story,8,U009
BP-2821,Story,3,U002
BP-2822,Story,8,U019
BP-2823,Story,5,U011
BP-2824,Story,5,U014
BP-2825,Tech Debt,1,U026
BP-2826,Story,8,U014
BP-2827,Story,5,U028
BP-2828,Story,5,U014
BP-2829,Tech Debt,3,U014
BP-2830,Tech Debt,1,U005
BP-2831,Bug,0,U026
BP-2832,Story,5,U009
BP-2833,Bug,0,U013
BP-2834,Story,2,U022
BP-2835,Tech Debt,8,U025
BP-2836,Bug,0,U011
BP-2837,Bug,0,U014
BP-2838,Story,2,U022
BP-2839,Story,8,U019
BP-2840,Story,8,U026
BP-2841,Story,2,U014
BP-2842,Bug,0,U022
BP-2843,Bug,0,U026
BP-2844,Story,1,U014
BP-2845,Story,2,U009
BP-2846,Story,3,U003
BP-2847,Story,1,U030
BP-2848,Story,5,U026
BP-2849,Story,2,U019
BP-2850,Bug,0,U003
BP-2851,Story,1,U004
BP-2852,Story,8,U017
BP-2853,Bug,0,U022
BP-2854,Tech Debt,2,U009
BP-2855,Bug,0,U021
BP-2856,Bug,0,U013
BP-2857,Story,5,U005
BP-2858,Story,5,U010
BP-2859,Story,3,U021
BP-2860,Story,5,U027
BP-2861,Story,2,U026
BP-2862,Story,3,U004
BP-2863,Bug,0,U011
BP-2864,Story,2,U022
BP-2865,Bug,0,U010
BP-2866,Bug,0,U010
BP-2867,Bug,0,U027
BP-2868,Story,1,U020
BP-2869,Story,1,U019
BP-2870,Bug,0,U003
BP-2871,Tech Debt,1,U001
BP-2872,Tech Debt,8,U014
BP-2873,Story,5,U003
BP-2874,Bug,0,U027
BP-2875,Bug,0,U001
BP-2876,Tech Debt,5,U021
BP-2877,Bug,0,U028
BP-2878,Story,5,U030
BP-2879,Story,2,U029
BP-2880,Story,3,U030
BP-2881,Tech Debt,3,U011
BP-2882,Story,5,U022
BP-2883,Story,1,U012
BP-2884,Bug,0,U006
BP-2885,Story,1,U022
BP-2886,Bug,0,U027
BP-2887,Story,1,U005
BP-2888,Story,2,U001
BP-2889,Story,5,U005
BP-2890,Story,1,U012
BP-2891,Story,5,U012
BP-2892,Story,8,U012
BP-2893,Story,2,U006
BP-2894,Tech Debt,3,U011
BP-2895,Story,2,U017
BP-2896,Story,5,U013
BP-2897,Tech Debt,1,U018
BP-2898,Bug,0,U013
BP-2899,Bug,0,U019
BP-2900,Story,1,U009
BP-2901,Story,1,U010
BP-2902,Story,2,U030
BP-2903,Tech Debt,8,U003
BP-2904,Story,1,U028
BP-2905,Story,2,U018
BP-2906,Story,5,U005
BP-2907,Bug,0,U029
BP-2908,Story,3,U025
BP-2909,Tech Debt,1,U003
BP-2910,Story,8,U001
BP-2911,Story,8,U027
BP-2912,Story,2,U013
BP-2913,Story,5,U005
BP-2914,Story,1,U011
BP-2915,Story,1,U001
BP-2916,Story,8,U019
BP-2917,Bug,0,U020
BP-2918,Bug,0,U020
BP-2919,Bug,0,U030
BP-2920,Story,5,U002
BP-2921,Tech Debt,1,U030
BP-2922,Story,5,U001
BP-2923,Story,8,U005
BP-2924,Bug,0,U011
BP-2925,Story,3,U017
BP-2926,Tech Debt,1,U019
BP-2927,Tech Debt,1,U019
BP-2928,Story,1,U014
BP-2929,Bug,0,U017
BP-2930,Story,2,U013
BP-2931,Bug,0,U022
BP-2932,Story,3,U021
BP-2933,Bug,0,U014
BP-2934,Story,2,U027
BP-2935,Bug,0,U009
BP-2936,Story,1,U014
BP-2937,Story,5,U009
BP-2938,Tech Debt,5,U018
BP-2939,Story,1,U026
BP-2940,Bug,0,U020
BP-2941,Story,1,U013
BP-2942,Story,5,U028
BP-2943,Bug,0,U017
BP-2944,Story,8,U002
BP-2945,Story,1,U022
BP-2946,Story,5,U021
BP-2947,Story,3,U028
BP-2948,Tech Debt,3,U005
BP-2949,Tech Debt,1,U020
BP-2950,Tech Debt,3,U001
BP-2951,Story,2,U012
BP-2952,Story,2,U014
BP-2953,Bug,0,U025
BP-2954,Story,3,U027
BP-2955,Tech Debt,3,U027
BP-2956,Bug,0,U006
BP-2957,Story,1,U027
BP-2958,Story,3,U012
BP-2959,Story,8,U014
BP-2960,Story,5,U002
BP-2961,Tech Debt,2,U028
BP-2962,Story,3,U002
BP-2963,Bug,0,U005
BP-2964,Bug,0,U005
BP-2965,Story,5,U027
BP-2966,Story,2,U001
BP-2967,Story,2,U009
BP-2968,Story,3,U019
BP-2969,Bug,0,U001
BP-2970,Story,2,U013
BP-2971,Story,1,U018
BP-2972,Story,1,U019
BP-2973,Bug,0,U006
BP-2974,Story,8,U003
BP-2975,Story,3,U027
BP-2976,Story,3,U005
BP-2977,Story,5,U030
BP-2978,Tech Debt,1,U025
BP-2979,Bug,0,U019
BP-2980,Story,1,U003
BP-2981,Story,5,U005
BP-2982,Bug,0,U029
BP-2983,Story,2,U001
BP-2984,Bug,0,U025
BP-2985,Story,3,U030
BP-2986,Story,1,U027
BP-2987,Story,1,U002
BP-2988,Story,1,U011
BP-2989,Story,3,U013
BP-2990,Story,8,U006
BP-2991,Bug,0,U027
BP-2992,Story,2,U012
BP-2993,Bug,0,U003
BP-2994,Bug,0,U003
BP-2995,Bug,0,U009
BP-2996,Story,1,U019
BP-2997,Story,1,U021
BP-2998,Story,1,U003
BP-2999,Story,3,U014
BP-3000,Bug,0,U012
BP-3001,Tech Debt,8,U002
BP-3002,Tech Debt,5,U012
BP-3003,Story,1,U011
BP-3004,Bug,0,U001
BP-3005,Story,2,U011
BP-3006,Tech Debt,1,U026
BP-3007,Story,1,U025
BP-3008,Bug,0,U021
BP-3009,Story,2,U019
BP-3010,Tech Debt,2,U030
BP-3011,Story,5,U010
BP-3012,Story,5,U030
BP-3013,Bug,0,U019
BP-3014,Tech Debt,5,U019
BP-3015,Bug,0,U004
BP-3016,Story,3,U029
BP-3017,Story,8,U009
BP-3018,Tech Debt,2,U017
BP-3019,Story,1,U006
BP-3020,Story,5,U030
BP-3021,Bug,0,U004
BP-3022,Story,3,U013
BP-3023,Story,8,U018
BP-3024,Tech Debt,5,U022
BP-3025,Bug,0,U010
BP-3026,Bug,0,U028
BP-3027,Story,1,U022
BP-3028,Story,3,U005
BP-3029,Story,2,U006
BP-3030,Story,3,U028
BP-3031,Bug,0,U012
BP-3032,Bug,0,U003
BP-3033,Story,2,U004
BP-3034,Story,8,U013
BP-3035,Bug,0,U001
BP-3036,Story,3,U009
BP-3037,Bug,0,U021
BP-3038,Tech Debt,1,U029
BP-3039,Bug,0,U025
BP-3040,Story,3,U020
BP-3041,Story,1,U020
BP-3042,Story,5,U021
BP-3043,Story,3,U014
BP-3044,Tech Debt,8,U006
BP-3045,Story,3,U009
BP-3046,Story,8,U011
BP-3047,Story,2,U004
BP-3048,Tech Debt,1,U030
BP-3049,Story,2,U029
BP-3050,Story,3,U022
BP-3051,Story,3,U019
BP-3052,Tech Debt,8,U028
BP-3053,Story,5,U012
BP-3054,Bug,0,U002
BP-3055,Tech Debt,1,U027
BP-3056,Story,5,U017
BP-3057,Story,8,U012
BP-3058,Story,2,U014
BP-3059,Story,8,U004
BP-3060,Story,8,U028
BP-3061,Story,5,U011
BP-3062,Story,8,U011
BP-3063,Story,3,U010
BP-3064,Bug,0,U028
BP-3065,Tech Debt,8,U017
BP-3066,Story,3,U010
BP-3067,Story,5,U001
BP-3068,Story,3,U013
BP-3069,Story,2,U022
BP-3070,Bug,0,U025
BP-3071,Story,8,U029
BP-3072,Story,2,U006
BP-3073,Story,8,U002
BP-3074,Story,5,U021
BP-3075,Bug,0,U002
BP-3076,Bug,0,U026
BP-3077,Bug,0,U027
BP-3078,Story,1,U018
BP-3079,Bug,0,U026
BP-3080,Bug,0,U021
BP-3081,Tech Debt,2,U019
BP-3082,Bug,0,U017
BP-3083,Tech Debt,8,U019
BP-3084,Story,8,U009
BP-3085,Bug,0,U009
BP-3086,Story,2,U009
BP-3087,Bug,0,U002
BP-3088,Story,3,U020
BP-3089,Story,1,U027
BP-3090,Bug,0,U027
BP-3091,Story,1,U026
BP-3092,Tech Debt,3,U020
BP-3093,Story,5,U004
BP-3094,Story,1,U004
BP-3095,Story,8,U030
BP-3096,Story,5,U019
BP-3097,Bug,0,U012
BP-3098,Bug,0,U030
BP-3099,Story,2,U009
BP-3100,Story,1,U003
BP-3101,Bug,0,U026
BP-3102,Tech Debt,3,U021
BP-3103,Story,5,U025
BP-3104,Story,8,U022
BP-3105,Story,3,U009
BP-3106,Bug,0,U009
BP-3107,Story,2,U025
BP-3108,Story,3,U013
BP-3109,Story,2,U013
BP-3110,Story,3,U006
BP-3111,Story,2,U001
BP-3112,Bug,0,U018
BP-3113,Tech Debt,8,U011
BP-3114,Bug,0,U020
BP-3115,Story,3,U014
BP-3116,Story,2,U018
BP-3117,Bug,0,U029
BP-3118,Story,5,U020
BP-3119,Bug,0,U014
BP-3120,Story,3,U013
BP-3121,Bug,0,U022
BP-3122,Story,3,U018
BP-3123,Story,5,U022
BP-3124,Tech Debt,2,U022
BP-3125,Bug,0,U011
BP-3126,Bug,0,U029
BP-3127,Story,3,U025
BP-3128,Story,1,U021
BP-3129,Story,8,U001
BP-3130,Story,5,U027
BP-3131,Tech Debt,2,U011
BP-3132,Bug,0,U014
BP-3133,Bug,0,U002
BP-3134,Story,5,U022
BP-3135,Bug,0,U012
BP-3136,Story,8,U004
BP-3137,Story,8,U025
BP-3138,Story,2,U021
BP-3139,Tech Debt,1,U013
BP-3140,Tech Debt,2,U029
BP-3141,Story,1,U025
BP-3142,Story,5,U004
BP-3143,Bug,0,U022
BP-3144,Tech Debt,3,U009
BP-3145,Bug,0,U012
BP-3146,Story,1,U025
BP-3147,Story,3,U014
BP-3148,Story,2,U011
BP-3149,Tech Debt,1,U012
BP-3150,Story,3,U020
BP-3151,Tech Debt,3,U001
BP-3152,Bug,0,U017
BP-3153,Story,8,U004
BP-3154,Story,2,U011
BP-3155,Tech Debt,1,U030
BP-3156,Story,2,U018
BP-3157,Story,5,U017
BP-3158,Bug,0,U005
BP-3159,Bug,0,U027
BP-3160,Bug,0,U010
BP-3161,Tech Debt,1,U017
BP-3162,Tech Debt,1,U028
BP-3163,Story,8,U014
BP-3164,Story,5,U018
BP-3165,Story,2,U021
BP-3166,Bug,0,U014
BP-3167,Story,5,U030
BP-3168,Bug,0,U009
BP-3169,Story,1,U006
BP-3170,Story,1,U009
BP-3171,Story,3,U030
BP-3172,Tech Debt,2,U014
BP-3173,Story,8,U028
BP-3174,Bug,0,U019
BP-3175,Story,3,U013
BP-3176,Story,3,U011
BP-3177,Story,8,U003
BP-3178,Story,3,U002
BP-3179,Tech Debt,5,U002
BP-3180,Tech Debt,8,U027
BP-3181,Tech Debt,8,U030
BP-3182,Story,3,U025
BP-3183,Story,3,U005
BP-3184,Story,1,U021
BP-3185,Story,1,U002
BP-3186,Story,1,U012
BP-3187,Story,8,U021
BP-3188,Story,2,U021
BP-3189,Story,2,U029
BP-3190,Story,3,U004
BP-3191,Bug,0,U028
BP-3192,Tech Debt,2,U003
BP-3193,Bug,0,U022
BP-3194,Story,5,U019
BP-3195,Tech Debt,2,U028
BP-3196,Bug,0,U017
BP-3197,Story,8,U006
BP-3198,Bug,0,U025
BP-3199,Story,8,U028
BP-3200,Story,5,U006
BP-3201,Bug,0,U006
BP-3202,Bug,0,U010
BP-3203,Story,5,U009
BP-3204,Tech Debt,8,U013
BP-3205,Story,8,U022
BP-3206,Bug,0,U026
BP-3207,Story,5,U021
BP-3208,Story,3,U014
BP-3209,Story,8,U020
BP-3210,Tech Debt,8,U020
BP-3211,Bug,0,U010
BP-3212,Story,3,U021
BP-3213,Story,3,U026
BP-3214,Bug,0,U004
BP-3215,Bug,0,U005
BP-3216,Story,1,U003
BP-3217,Story,8,U002
BP-3218,Story,3,U028
BP-3219,Bug,0,U012
BP-3220,Story,2,U001
BP-3221,Bug,0,U009
BP-3222,Story,2,U014
BP-3223,Bug,0,U029
BP-3224,Tech Debt,1,U027
BP-3225,Story,8,U029
BP-3226,Story,1,U002
BP-3227,Story,8,U011
BP-3228,Story,1,U019
BP-3229,Story,5,U006
BP-3230,Bug,0,U002
BP-3231,Story,8,U018
BP-3232,Story,8,U002
BP-3233,Story,1,U002
BP-3234,Bug,0,U013
BP-3235,Story,1,U027
BP-3236,Story,2,U020
BP-3237,Bug,0,U006
BP-3238,Story,5,U028
BP-3239,Bug,0,U001
BP-3240,Tech Debt,2,U012
BP-3241,Story,2,U020
BP-3242,Bug,0,U010
BP-3243,Story,3,U004
BP-3244,Tech Debt,2,U020
BP-3245,Story,8,U005
BP-3246,Story,1,U025
BP-3247,Bug,0,U022
BP-3248,Story,2,U014
BP-3249,Story,8,U002
BP-3250,Bug,0,U005
BP-3251,Story,5,U009
BP-3252,Story,8,U003
BP-3253,Story,3,U020
BP-3254,Bug,0,U009
BP-3255,Story,5,U011
BP-3256,Bug,0,U012
BP-3257,Story,3,U026
BP-3258,Story,3,U025
BP-3259,Story,2,U001
BP-3260,Story,1,U009
BP-3261,Story,8,U028
BP-3262,Story,8,U011
BP-3263,Bug,0,U019
BP-3264,Story,8,U002
BP-3265,Story,5,U006
BP-3266,Story,5,U022
BP-3267,Story,3,U013
BP-3268,Story,8,U001
BP-3269,Story,5,U019
BP-3270,Story,1,U025
BP-3271,Bug,0,U030
BP-3272,Story,3,U020
BP-3273,Tech Debt,5,U009
BP-3274,Story,5,U019
BP-3275,Story,3,U026
BP-3276,Tech Debt,1,U010
BP-3277,Story,2,U022
BP-3278,Bug,0,U025
BP-3279,Bug,0,U029
BP-3280,Story,1,U028
BP-3281,Bug,0,U030
BP-3282,Story,2,U006
BP-3283,Story,1,U029
BP-3284,Story,2,U019
BP-3285,Bug,0,U012
BP-3286,Story,1,U030
BP-3287,Bug,0,U002
BP-3288,Story,1,U021
BP-3289,Bug,0,U019
BP-3290,Tech Debt,5,U026
BP-3291,Story,8,U012
BP-3292,Bug,0,U010
BP-3293,Story,1,U006
BP-3294,Story,5,U010
BP-3295,Story,1,U010
BP-3296,Story,3,U013
BP-3297,Bug,0,U018
BP-3298,Bug,0,U018
BP-3299,Tech Debt,8,U021
BP-3300,Bug,0,U012
BP-3301,Tech Debt,8,U011
BP-3302,Story,2,U030
BP-3303,Bug,0,U022
BP-3304,Bug,0,U012
BP-3305,Story,3,U013
BP-3306,Story,2,U019
BP-3307,Story,2,U005
BP-3308,Story,2,U025
BP-3309,Story,3,U005
BP-3310,Story,2,U030
BP-3311,Story,5,U020
BP-3312,Bug,0,U020
BP-3313,Story,8,U025
BP-3314,Bug,0,U006
BP-3315,Bug,0,U013
BP-3316,Story,8,U018
BP-3317,Tech Debt,1,U029
BP-3318,Story,8,U010
BP-3319,Bug,0,U028
BP-3320,Story,5,U018
BP-3321,Story,2,U010
BP-3322,Bug,0,U006
BP-3323,Story,5,U001
BP-3324,Story,1,U020
BP-3325,Story,2,U021
BP-3326,Story,1,U005
BP-3327,Story,8,U025
BP-3328,Bug,0,U014
BP-3329,Tech Debt,8,U018
BP-3330,Story,3,U012
BP-3331,Story,8,U026
BP-3332,Bug,0,U005
BP-3333,Story,5,U004
BP-3334,Story,1,U017
BP-3335,Bug,0,U002
BP-3336,Bug,0,U014
BP-3337,Story,8,U014
BP-3338,Story,5,U020
BP-3339,Story,5,U019
BP-3340,Bug,0,U026
BP-3341,Tech Debt,5,U003
BP-3342,Bug,0,U011
BP-3343,Story,2,U021
BP-3344,Story,5,U006
BP-3345,Story,5,U026
BP-3346,Story,3,U017
BP-3347,Story,3,U018
BP-3348,Story,1,U028
BP-3349,Story,3,U002
BP-3350,Story,3,U009
BP-3351,Story,2,U022
BP-3352,Story,2,U004
BP-3353,Story,8,U018
BP-3354,Story,5,U013
BP-3355,Bug,0,U022
BP-3356,Story,5,U010
BP-3357,Bug,0,U029
BP-3358,Story,1,U030
BP-3359,Story,2,U003
BP-3360,Story,3,U026
BP-3361,Story,8,U028
BP-3362,Bug,0,U011
BP-3363,Tech Debt,2,U009
BP-3364,Tech Debt,8,U011
BP-3365,Story,3,U019
BP-3366,Story,1,U029
BP-3367,Bug,0,U030
BP-3368,Story,5,U028
BP-3369,Story,1,U027
BP-3370,Story,8,U011
BP-3371,Story,8,U003
BP-3372,Tech Debt,3,U021
BP-3373,Story,2,U022
BP-3374,Story,2,U026
BP-3375,Story,1,U003
BP-3376,Story,2,U028
BP-3377,Story,3,U010
BP-3378,Story,1,U017
BP-3379,Bug,0,U009
BP-3380,Story,5,U029
BP-3381,Story,5,U026
BP-3382,Story,1,U029
BP-3383,Bug,0,U018
BP-3384,Story,2,U012
BP-3385,Bug,0,U014
BP-3386,Story,1,U029
BP-3387,Story,2,U020
BP-3388,Tech Debt,3,U026
BP-3389,Story,5,U004
BP-3390,Story,5,U019
BP-3391,Tech Debt,5,U020
BP-3392,Story,2,U004
BP-3393,Story,3,U018
BP-3394,Bug,0,U013
BP-3395,Story,2,U002
BP-3396,Story,2,U003
BP-3397,Story,8,U009
BP-3398,Story,8,U002
BP-3399,Tech Debt,2,U017
BP-3400,Story,3,U006
BP-3401,Story,3,U022
BP-3402,Tech Debt,5,U001
BP-3403,Tech Debt,2,U005
BP-3404,Bug,0,U030
BP-3405,Bug,0,U001
BP-3406,Story,5,U002
BP-3407,Story,5,U014
BP-3408,Story,3,U012
BP-3409,Story,1,U028
BP-3410,Story,8,U010
BP-3411,Bug,0,U018
BP-3412,Bug,0,U020
BP-3413,Story,8,U001
BP-3414,Story,3,U029
BP-3415,Bug,0,U002
BP-3416,Story,2,U017
BP-3417,Tech Debt,8,U018
BP-3418,Tech Debt,8,U028
BP-3419,Story,2,U004
BP-3420,Bug,0,U011
BP-3421,Bug,0,U009
BP-3422,Tech Debt,5,U026
BP-3423,Story,8,U010
BP-3424,Bug,0,U010
BP-3425,Story,2,U011
BP-3426,Story,1,U011
BP-3427,Story,8,U025
BP-3428,Bug,0,U021
BP-3429,Story,2,U029
BP-3430,Story,5,U022
BP-3431,Story,5,U006
BP-3432,Tech Debt,5,U001
BP-3433,Story,1,U017
BP-3434,Story,3,U010
BP-3435,Story,3,U010
BP-3436,Story,8,U017
BP-3437,Story,1,U029
BP-3438,Story,1,U019
BP-3439,Story,8,U012
BP-3440,Story,3,U027
BP-3441,Story,5,U025
BP-3442,Story,2,U012
BP-3443,Story,3,U014
BP-3444,Bug,0,U026
BP-3445,Tech Debt,2,U004
BP-3446,Bug,0,U020
BP-3447,Bug,0,U009
BP-3448,Bug,0,U027
BP-3449,Story,5,U004
BP-3450,Tech Debt,3,U010
BP-3451,Bug,0,U025
BP-3452,Tech Debt,8,U013
BP-3453,Bug,0,U018
BP-3454,Bug,0,U011
BP-3455,Tech Debt,8,U027
BP-3456,Tech Debt,5,U002
BP-3457,Tech Debt,2,U012
BP-3458,Story,3,U001
BP-3459,Tech Debt,1,U018
BP-3460,Tech Debt,3,U027
BP-3461,Story,5,U010
BP-3462,Bug,0,U029
BP-3463,Story,1,U011
BP-3464,Tech Debt,8,U030
BP-3465,Story,5,U028
BP-3466,Bug,0,U027
BP-3467,Bug,0,U006
BP-3468,Bug,0,U011
BP-3469,Tech Debt,8,U017
BP-3470,Story,8,U001
BP-3471,Story,3,U006
BP-3472,Story,1,U018
BP-3473,Bug,0,U019
BP-3474,Story,1,U028
BP-3475,Bug,0,U004
BP-3476,Story,8,U003
BP-3477,Tech Debt,2,U018
BP-3478,Story,2,U017
BP-3479,Story,8,U002
BP-3480,Story,3,U012
BP-3481,Story,2,U009
BP-3482,Tech Debt,5,U030
BP-3483,Story,8,U028
BP-3484,Story,3,U002
BP-3485,Story,3,U030
BP-3486,Story,3,U010
BP-3487,Bug,0,U009
BP-3488,Bug,0,U005
BP-3489,Bug,0,U001
BP-3490,Bug,0,U004
BP-3491,Story,3,U001
BP-3492,Story,5,U027
BP-3493,Story,2,U020
BP-3494,Story,3,U002
BP-3495,Bug,0,U012
BP-3496,Story,8,U005
BP-3497,Story,3,U030
BP-3498,Bug,0,U020
BP-3499,Bug,0,U009
BP-3500,Story,2,U001
BP-3501,Story,1,U026
BP-3502,Tech Debt,1,U020
BP-3503,Bug,0,U011
BP-3504,Story,3,U014
BP-3505,Story,8,U021
BP-3506,Story,5,U010
BP-3507,Story,8,U020
BP-3508,Tech Debt,8,U020
BP-3509,Bug,0,U002
BP-3510,Bug,0,U020
BP-3511,Story,5,U001
BP-3512,Story,3,U011
BP-3513,Story,8,U012
BP-3514,Story,5,U005
BP-3515,Bug,0,U018
BP-3516,Story,3,U030
BP-3517,Bug,0,U026
BP-3518,Story,5,U011
BP-3519,Story,5,U013
BP-3520,Story,5,U003
BP-3521,Story,3,U002
BP-3522,Story,8,U011
BP-3523,Story,1,U004
BP-3524,Story,5,U020
BP-3525,Story,2,U021
BP-3526,Story,3,U003
BP-3527,Tech Debt,1,U017
BP-3528,Story,8,U020
BP-3529,Bug,0,U028
BP-3530,Story,8,U002
BP-3531,Story,1,U017
BP-3532,Bug,0,U013
BP-3533,Story,1,U029
BP-3534,Story,3,U002
BP-3535,Bug,0,U014
BP-3536,Bug,0,U009
BP-3537,Story,8,U020
BP-3538,Tech Debt,3,U020
BP-3539,Bug,0,U002
BP-3540,Bug,0,U005
BP-3541,Tech Debt,3,U022
BP-3542,Story,1,U017
BP-3543,Tech Debt,5,U025
BP-3544,Tech Debt,3,U018
BP-3545,Story,2,U013
BP-3546,Story,1,U005
BP-3547,Story,2,U004
BP-3548,Tech Debt,2,U029
BP-3549,Story,5,U027
BP-3550,Story,3,U026
BP-3551,Tech Debt,5,U009
BP-3552,Story,1,U014
BP-3553,Bug,0,U002
BP-3554,Story,1,U017
BP-3555,Bug,0,U021
BP-3556,Story,2,U028
BP-3557,Story,8,U027
BP-3558,Story,8,U011
BP-3559,Bug,0,U027
BP-3560,Story,3,U004
BP-3561,Story,8,U012
BP-3562,Story,3,U022
BP-3563,Bug,0,U009
BP-3564,Tech Debt,1,U009
BP-3565,Story,2,U011
BP-3566,Tech Debt,5,U006
BP-3567,Story,3,U029
BP-3568,Story,1,U019
BP-3569,Story,5,U030
BP-3570,Bug,0,U005
BP-3571,Story,8,U011
BP-3572,Story,3,U022
BP-3573,Story,1,U026
BP-3574,Bug,0,U004
BP-3575,Story,1,U005
BP-3576,Story,8,U013
BP-3577,Bug,0,U017
BP-3578,Story,2,U018
BP-3579,Story,2,U006
BP-3580,Bug,0,U020
BP-3581,Story,5,U021
BP-3582,Story,3,U009
BP-3583,Story,1,U001
BP-3584,Bug,0,U030
BP-3585,Story,3,U022
BP-3586,Story,8,U005
BP-3587,Bug,0,U028
BP-3588,Story,8,U030
BP-3589,Story,2,U013
BP-3590,Story,1,U002
BP-3591,Bug,0,U010
BP-3592,Story,1,U022
BP-3593,Story,2,U020
BP-3594,Story,3,U013
BP-3595,Story,3,U021
BP-3596,Story,3,U026
BP-3597,Story,1,U010
BP-3598,Story,3,U014
BP-3599,Bug,0,U017
BP-3600,Story,1,U010
BP-3601,Story,3,U001
BP-3602,Story,3,U013
BP-3603,Story,5,U012
BP-3604,Bug,0,U012
BP-3605,Story,2,U029
BP-3606,Tech Debt,5,U002
BP-3607,Story,8,U026
BP-3608,Tech Debt,8,U014
BP-3609,Story,2,U021
BP-3610,Story,5,U021
BP-3611,Bug,0,U019
BP-3612,Story,1,U004
BP-3613,Story,8,U021
BP-3614,Tech Debt,2,U005
BP-3615,Story,2,U025
BP-3616,Tech Debt,3,U003
BP-3617,Tech Debt,8,U013
BP-3618,Tech Debt,8,U001
BP-3619,Story,1,U018
BP-3620,Story,1,U013
BP-3621,Story,1,U002
BP-3622,Story,2,U003
BP-3623,Bug,0,U029
BP-3624,Bug,0,U021
BP-3625,Story,5,U009
BP-3626,Story,5,U022
BP-3627,Story,3,U011
BP-3628,Story,3,U005
BP-3629,Story,8,U026
BP-3630,Bug,0,U010
BP-3631,Story,5,U021
BP-3632,Bug,0,U003
BP-3633,Bug,0,U003
BP-3634,Bug,0,U006
BP-3635,Story,2,U021
BP-3636,Bug,0,U012
BP-3637,Story,1,U013
BP-3638,Story,2,U002
BP-3639,Story,2,U004
BP-3640,Bug,0,U019
BP-3641,Story,8,U004
BP-3642,Story,2,U012
BP-3643,Story,8,U001
BP-3644,Story,1,U009
BP-3645,Story,1,U012
BP-3646,Story,3,U019
BP-3647,Story,3,U019
BP-3648,Story,8,U006
BP-3649,Story,1,U018
BP-3650,Bug,0,U009
BP-3651,Story,5,U002
BP-3652,Story,2,U004
BP-3653,Bug,0,U002
BP-3654,Tech Debt,1,U004
BP-3655,Bug,0,U011
BP-3656,Story,5,U025
BP-3657,Bug,0,U004
BP-3658,Story,5,U014
BP-3659,Story,1,U002
BP-3660,Story,2,U006
BP-3661,Story,8,U004
BP-3662,Story,3,U029
BP-3663,Bug,0,U028
BP-3664,Story,5,U013
BP-3665,Story,8,U006
BP-3666,Bug,0,U026
BP-3667,Story,2,U026
BP-3668,Story,5,U009
BP-3669,Bug,0,U010
BP-3670,Tech Debt,2,U021
BP-3671,Story,5,U010
BP-3672,Bug,0,U001
BP-3673,Tech Debt,3,U022
BP-3674,Story,8,U014
BP-3675,Story,1,U029
BP-3676,Story,5,U030
BP-3677,Bug,0,U022
BP-3678,Story,3,U027
BP-3679,Story,3,U012
BP-3680,Bug,0,U014
BP-3681,Story,2,U013
BP-3682,Story,1,U027
BP-3683,Bug,0,U001
BP-3684,Story,2,U021
BP-3685,Story,8,U030
BP-3686,Bug,0,U027
BP-3687,Bug,0,U021
BP-3688,Story,2,U003
BP-3689,Tech Debt,2,U018
BP-3690,Story,8,U006
BP-3691,Story,2,U002
BP-3692,Story,3,U020
BP-3693,Story,5,U017
BP-3694,Story,8,U027
BP-3695,Story,2,U030
BP-3696,Story,5,U014
BP-3697,Story,8,U019
BP-3698,Tech Debt,8,U022
BP-3699,Story,3,U012
BP-3700,Story,8,U022
BP-3701,Story,8,U027
BP-3702,Story,5,U002
BP-3703,Bug,0,U025
BP-3704,Bug,0,U004
BP-3705,Bug,0,U001
BP-3706,Tech Debt,8,U001
BP-3707,Story,1,U005
BP-3708,Tech Debt,5,U011
BP-3709,Story,5,U025
BP-3710,Bug,0,U026
BP-3711,Tech Debt,5,U010
BP-3712,Story,2,U003
BP-3713,Tech Debt,5,U020
BP-3714,Story,2,U009
BP-3715,Story,2,U020
BP-3716,Tech Debt,3,U012
BP-3717,Story,8,U003
BP-3718,Story,2,U009
BP-3719,Tech Debt,2,U026
BP-3720,Bug,0,U003
BP-3721,Tech Debt,5,U020
BP-3722,Tech Debt,3,U017
BP-3723,Bug,0,U001
BP-3724,Story,2,U005
BP-3725,Bug,0,U025
BP-3726,Bug,0,U009
BP-3727,Story,8,U027
BP-3728,Story,8,U009
BP-3729,Bug,0,U029
BP-3730,Tech Debt,3,U021
BP-3731,Tech Debt,2,U021
BP-3732,Story,8,U001
BP-3733,Bug,0,U029
BP-3734,Bug,0,U009
BP-3735,Tech Debt,5,U022
BP-3736,Story,1,U017
BP-3737,Story,1,U030
BP-3738,Tech Debt,8,U014
BP-3739,Story,5,U001
BP-3740,Story,8,U025
BP-3741,Tech Debt,8,U012
BP-3742,Bug,0,U005
BP-3743,Bug,0,U026
BP-3744,Story,5,U004
BP-3745,Bug,0,U018
BP-3746,Story,2,U022
BP-3747,Bug,0,U017
BP-3748,Bug,0,U020
BP-3749,Story,8,U020
BP-3750,Story,1,U020
BP-3751,Tech Debt,5,U014
BP-3752,Story,5,U028
BP-3753,Story,8,U012
BP-3754,Bug,0,U011
BP-3755,Story,2,U010
BP-3756,Bug,0,U005
BP-3757,Story,2,U019
BP-3758,Story,8,U020
BP-3759,Story,5,U018
BP-3760,Story,3,U009
BP-3761,Story,8,U019
BP-3762,Story,8,U017
BP-3763,Tech Debt,8,U025
BP-3764,Story,8,U014
BP-3765,Bug,0,U003
BP-3766,Story,3,U025
BP-3767,Story,1,U001
BP-3768,Story,3,U005
BP-3769,Bug,0,U018
BP-3770,Story,2,U012
BP-3771,Story,8,U014
BP-3772,Story,1,U021
BP-3773,Bug,0,U022
BP-3774,Bug,0,U014
BP-3775,Story,2,U014
BP-3776,Bug,0,U004
BP-3777,Story,8,U005
BP-3778,Bug,0,U018
BP-3779,Story,3,U019
BP-3780,Bug,0,U025
BP-3781,Story,8,U014
BP-3782,Story,1,U004
BP-3783,Story,2,U004
BP-3784,Bug,0,U025
BP-3785,Story,3,U001
BP-3786,Tech Debt,3,U029
BP-3787,Story,2,U026
BP-3788,Story,1,U025
BP-3789,Story,1,U011
BP-3790,Bug,0,U006
BP-3791,Story,1,U012
BP-3792,Story,3,U012
BP-3793,Story,3,U012
BP-3794,Bug,0,U012
BP-3795,Story,8,U018
BP-3796,Tech Debt,3,U013
BP-3797,Story,2,U002
BP-3798,Story,3,U012
BP-3799,Story,3,U017
BP-3800,Tech Debt,8,U013
BP-3801,Story,3,U018
BP-3802,Story,2,U002
BP-3803,Story,1,U009
BP-3804,Bug,0,U002
BP-3805,Story,3,U005
BP-3806,Story,2,U029
BP-3807,Story,8,U011
BP-3808,Story,1,U027
BP-3809,Bug,0,U006
BP-3810,Story,1,U002
BP-3811,Story,8,U028
BP-3812,Bug,0,U013
BP-3813,Story,1,U026
BP-3814,Bug,0,U003
BP-3815,Bug,0,U020
BP-3816,Tech Debt,1,U009
BP-3817,Tech Debt,1,U030
BP-3818,Story,2,U012
BP-3819,Story,2,U019
BP-3820,Bug,0,U011
BP-3821,Story,1,U014
BP-3822,Story,5,U001
BP-3823,Bug,0,U025
BP-3824,Story,3,U028
BP-3825,Bug,0,U012
BP-3826,Tech Debt,8,U006
BP-3827,Story,5,U006
BP-3828,Story,2,U028
BP-3829,Story,5,U003
BP-3830,Bug,0,U030
BP-3831,Bug,0,U002
BP-3832,Story,3,U017
BP-3833,Story,1,U001
BP-3834,Story,2,U006
BP-3835,Story,3,U029
BP-3836,Story,3,U002
BP-3837,Bug,0,U025
BP-3838,Story,1,U004
BP-3839,Story,2,U021
BP-3840,Story,1,U029
BP-3841,Story,8,U009
BP-3842,Bug,0,U018
BP-3843,Bug,0,U021
BP-3844,Bug,0,U019
BP-3845,Bug,0,U011
BP-3846,Story,8,U020
BP-3847,Story,8,U020
BP-3848,Story,2,U022
BP-3849,Story,3,U028
BP-3850,Story,2,U003
BP-3851,Story,2,U030
BP-3852,Bug,0,U026
BP-3853,Bug,0,U006
BP-3854,Bug,0,U028
BP-3855,Story,5,U004
BP-3856,Story,1,U021
BP-3857,Story,5,U009
BP-3858,Story,2,U005
BP-3859,Bug,0,U006
BP-3860,Story,3,U003
BP-3861,Story,5,U009
BP-3862,Story,1,U029
BP-3863,Story,2,U026
BP-3864,Story,8,U004
BP-3865,Story,3,U028
BP-3866,Story,3,U026
BP-3867,Story,8,U022
BP-3868,Story,1,U019
BP-3869,Story,2,U026
BP-3870,Story,5,U026
BP-3871,Bug,0,U005
BP-3872,Bug,0,U012
BP-3873,Tech Debt,3,U018
BP-3874,Bug,0,U004
BP-3875,Story,2,U029
BP-3876,Tech Debt,2,U022
BP-3877,Story,3,U003
BP-3878,Story,3,U026
BP-3879,Bug,0,U013
BP-3880,Tech Debt,8,U017
BP-3881,Story,1,U030
BP-3882,Story,3,U014
BP-3883,Story,8,U029
BP-3884,Tech Debt,8,U018
BP-3885,Story,1,U006
BP-3886,Bug,0,U011
BP-3887,Story,5,U019
BP-3888,Bug,0,U026
BP-3889,Tech Debt,1,U018
BP-3890,Bug,0,U001
BP-3891,Story,1,U028
BP-3892,Story,8,U002
BP-3893,Tech Debt,2,U029
BP-3894,Tech Debt,8,U026
BP-3895,Story,5,U010
BP-3896,Story,3,U001
BP-3897,Story,3,U017
BP-3898,Tech Debt,3,U003
BP-3899,Tech Debt,8,U019
BP-3900,Story,3,U030
BP-3901,Tech Debt,5,U022
BP-3902,Story,5,U014
BP-3903,Story,8,U001
BP-3904,Story,2,U010
BP-3905,Story,5,U001
BP-3906,Bug,0,U021
BP-3907,Story,2,U026
BP-3908,Story,3,U013
BP-3909,Tech Debt,5,U018
BP-3910,Bug,0,U001
BP-3911,Story,2,U030
BP-3912,Story,5,U027
BP-3913,Story,8,U013
BP-3914,Story,3,U002
BP-3915,Story,8,U027
BP-3916,Bug,0,U018
BP-3917,Tech Debt,2,U017
BP-3918,Story,1,U020
BP-3919,Bug,0,U030
BP-3920,Story,8,U028
BP-3921,Story,8,U012
BP-3922,Story,2,U021
BP-3923,Bug,0,U018
BP-3924,Bug,0,U020
BP-3925,Story,5,U020
BP-3926,Bug,0,U026
BP-3927,Bug,0,U010
BP-3928,Bug,0,U004
BP-3929,Story,1,U021
BP-3930,Bug,0,U011
BP-3931,Tech Debt,3,U028
BP-3932,Bug,0,U010
BP-3933,Tech Debt,5,U030
BP-3934,Story,5,U017
BP-3935,Tech Debt,2,U005
BP-3936,Tech Debt,2,U002
BP-3937,Tech Debt,8,U013
BP-3938,Tech Debt,5,U026
BP-3939,Story,5,U020
BP-3940,Story,8,U009
BP-3941,Story,5,U001
BP-3942,Story,8,U004
BP-3943,Bug,0,U020
BP-3944,Story,5,U030
BP-3945,Bug,0,U029
BP-3946,Story,1,U027
BP-3947,Story,3,U003
BP-3948,Story,3,U010
BP-3949,Story,8,U021
BP-3950,Tech Debt,3,U017
BP-3951,Story,2,U027
BP-3952,Bug,0,U027
BP-3953,Story,2,U014
BP-3954,Story,2,U005
BP-3955,Story,1,U001
BP-3956,Story,2,U018
BP-3957,Story,5,U012
BP-3958,Bug,0,U018
BP-3959,Tech Debt,2,U002
BP-3960,Tech Debt,3,U021
BP-3961,Story,2,U019
BP-3962,Story,8,U025
BP-3963,Bug,0,U001
BP-3964,Story,3,U017
BP-3965,Story,5,U001
BP-3966,Tech Debt,3,U020
BP-3967,Bug,0,U026
BP-3968,Bug,0,U030
BP-3969,Tech Debt,5,U020
BP-3970,Bug,0,U002
BP-3971,Story,1,U027
BP-3972,Tech Debt,3,U002
BP-3973,Story,5,U005
BP-3974,Story,1,U001
BP-3975,Story,1,U026
BP-3976,Bug,0,U022
BP-3977,Bug,0,U005
BP-3978,Story,1,U012
BP-3979,Story,8,U012
BP-3980,Story,1,U020
BP-3981,Tech Debt,3,U002
BP-3982,Story,3,U002
BP-3983,Story,8,U029
BP-3984,Bug,0,U026
BP-3985,Tech Debt,3,U021
BP-3986,Bug,0,U017
BP-3987,Story,1,U019
BP-3988,Tech Debt,1,U014
BP-3989,Story,3,U019
BP-3990,Story,1,U006
BP-3991,Story,1,U025
BP-3992,Tech Debt,5,U005
BP-3993,Bug,0,U006
BP-3994,Bug,0,U010
BP-3995,Story,5,U026
BP-3996,Story,5,U021
BP-3997,Story,2,U010
BP-3998,Bug,0,U004
BP-3999,Story,8,U006
BP-4000,Bug,0,U020
BP-4001,Story,5,U012
BP-4002,Story,5,U004
BP-4003,Bug,0,U005
BP-4004,Tech Debt,3,U018
BP-4005,Story,5,U027
BP-4006,Story,1,U029
BP-4007,Story,3,U022
BP-4008,Bug,0,U030
BP-4009,Bug,0,U005
BP-4010,Story,3,U022
BP-4011,Story,5,U025
BP-4012,Story,1,U022
BP-4013,Story,3,U013
BP-4014,Bug,0,U011
BP-4015,Story,5,U012
BP-4016,Story,8,U018
BP-4017,Story,5,U017
BP-4018,Story,2,U022
BP-4019,Bug,0,U011
BP-4020,Story,5,U003
BP-4021,Story,1,U011
BP-4022,Story,1,U025
BP-4023,Story,5,U030
BP-4024,Story,3,U017
BP-4025,Story,5,U009
BP-4026,Story,1,U026
BP-4027,Story,2,U026
BP-4028,Story,2,U005
BP-4029,Tech Debt,5,U026
BP-4030,Tech Debt,2,U020
BP-4031,Tech Debt,1,U001
BP-4032,Story,5,U020
BP-4033,Story,1,U006
BP-4034,Story,2,U018
BP-4035,Bug,0,U014
BP-4036,Story,1,U009
BP-4037,Story,1,U021
BP-4038,Story,2,U025
BP-4039,Story,2,U005
BP-4040,Bug,0,U021
BP-4041,Bug,0,U013
BP-4042,Story,5,U018
BP-4043,Story,3,U029
BP-4044,Story,3,U018
BP-4045,Story,2,U028
BP-4046,Bug,0,U012
BP-4047,Story,1,U030
BP-4048,Story,5,U022
BP-4049,Story,8,U004
BP-4050,Story,3,U011
BP-4051,Story,3,U030
BP-4052,Story,1,U027
BP-4053,Bug,0,U022
BP-4054,Tech Debt,1,U013
BP-4055,Bug,0,U026
BP-4056,Story,8,U025
BP-4057,Tech Debt,2,U029
BP-4058,Bug,0,U028
BP-4059,Story,8,U013
BP-4060,Story,3,U002
BP-4061,Tech Debt,5,U002
BP-4062,Tech Debt,5,U002
BP-4063,Bug,0,U002
BP-4064,Tech Debt,1,U017
BP-4065,Story,3,U002
BP-4066,Tech Debt,5,U002
BP-4067,Story,5,U009
BP-4068,Story,8,U025
BP-4069,Tech Debt,5,U003
BP-4070,Story,3,U002
BP-4071,Story,2,U025
BP-4072,Tech Debt,2,U021
BP-4073,Story,5,U025
BP-4074,Story,5,U025
BP-4075,Story,5,U002
BP-4076,Story,8,U028
BP-4077,Story,5,U010
BP-4078,Story,2,U011
BP-4079,Tech Debt,5,U020
BP-4080,Story,1,U004
BP-4081,Story,5,U025
BP-4082,Story,5,U017
BP-4083,Story,5,U027
BP-4084,Tech Debt,1,U030
BP-4085,Bug,0,U026
BP-4086,Story,2,U027
BP-4087,Story,5,U030
BP-4088,Story,8,U003
BP-4089,Tech Debt,8,U020
BP-4090,Story,3,U030
BP-4091,Bug,0,U022
BP-4092,Tech Debt,8,U001
BP-4093,Story,3,U013
BP-4094,Story,8,U026
BP-4095,Bug,0,U018
BP-4096,Story,5,U005
BP-4097,Story,5,U020
BP-4098,Bug,0,U030
BP-4099,Story,8,U020
BP-4100,Story,3,U012
BP-4101,Tech Debt,1,U030
BP-4102,Story,5,U010
BP-4103,Story,8,U012
BP-4104,Story,3,U018
BP-4105,Story,8,U006
BP-4106,Story,5,U003
BP-4107,Tech Debt,3,U005
BP-4108,Story,2,U012
BP-4109,Tech Debt,2,U004
BP-4110,Story,8,U022
BP-4111,Story,5,U005
BP-4112,Story,2,U030
BP-4113,Tech Debt,8,U011
BP-4114,Story,5,U011
BP-4115,Story,3,U004
BP-4116,Tech Debt,8,U005
BP-4117,Story,2,U028
BP-4118,Story,5,U025
BP-4119,Story,3,U004
BP-4120,Story,5,U014
BP-4121,Bug,0,U021
BP-4122,Story,5,U022
BP-4123,Story,5,U025
BP-4124,Story,5,U014
BP-4125,Story,8,U012
BP-4126,Story,3,U027
BP-4127,Story,1,U005
BP-4128,Story,8,U017
BP-4129,Story,1,U004
BP-4130,Story,2,U009
BP-4131,Story,5,U028
BP-4132,Story,2,U030
BP-4133,Story,1,U009
BP-4134,Story,3,U017
BP-4135,Bug,0,U010
BP-4136,Story,2,U005
BP-4137,Story,8,U009
BP-4138,Story,5,U025
BP-4139,Story,8,U029
BP-4140,Bug,0,U010
BP-4141,Story,2,U021
BP-4142,Tech Debt,8,U019
BP-4143,Tech Debt,1,U005
BP-4144,Bug,0,U004
BP-4145,Story,8,U026
BP-4146,Bug,0,U017
BP-4147,Story,3,U021
BP-4148,Story,5,U001
BP-4149,Tech Debt,1,U014
BP-4150,Story,5,U003
BP-4151,Tech Debt,5,U002
BP-4152,Story,1,U027
BP-4153,Tech Debt,3,U005
BP-4154,Story,3,U005
BP-4155,Tech Debt,3,U011
BP-4156,Tech Debt,3,U020
BP-4157,Story,8,U029
BP-4158,Story,1,U021
BP-4159,Tech Debt,5,U011
BP-4160,Story,3,U017
BP-4161,Bug,0,U029
BP-4162,Story,3,U022
BP-4163,Story,1,U021
BP-4164,Bug,0,U014
BP-4165,Story,3,U013
BP-4166,Story,5,U018
BP-4167,Story,3,U017
BP-4168,Story,5,U001
BP-4169,Story,5,U014
BP-4170,Bug,0,U010
BP-4171,Tech Debt,2,U027
BP-4172,Bug,0,U021
BP-4173,Tech Debt,1,U021
BP-4174,Bug,0,U009
BP-4175,Tech Debt,8,U009
BP-4176,Bug,0,U013
BP-4177,Story,2,U027
BP-4178,Story,3,U002
BP-4179,Story,3,U019
BP-4180,Story,5,U027
BP-4181,Tech Debt,1,U005
BP-4182,Story,3,U006
BP-4183,Story,3,U013
BP-4184,Bug,0,U029
BP-4185,Story,2,U005
BP-4186,Bug,0,U001
BP-4187,Story,3,U028
BP-4188,Bug,0,U019
BP-4189,Bug,0,U020
BP-4190,Story,2,U001
BP-4191,Story,8,U030
BP-4192,Story,2,U025
BP-4193,Story,1,U009
BP-4194,Tech Debt,5,U019
BP-4195,Tech Debt,1,U019
BP-4196,Bug,0,U030
BP-4197,Story,8,U021
BP-4198,Story,8,U002
BP-4199,Story,5,U003
BP-4200,Bug,0,U018
BP-4201,Tech Debt,1,U012
BP-4202,Tech Debt,3,U025
BP-4203,Story,1,U011
BP-4204,Story,1,U017
BP-4205,Tech Debt,1,U006
BP-4206,Story,1,U006
BP-4207,Tech Debt,8,U009
BP-4208,Story,5,U014
BP-4209,Bug,0,U011
BP-4210,Story,5,U030
BP-4211,Bug,0,U011
BP-4212,Story,3,U026
BP-4213,Story,3,U022
BP-4214,Tech Debt,5,U027
BP-4215,Story,5,U021
BP-4216,Story,5,U005
BP-4217,Story,5,U017
BP-4218,Bug,0,U017
BP-4219,Story,8,U014
BP-4220,Story,1,U011
BP-4221,Story,8,U002
BP-4222,Story,2,U012
BP-4223,Story,5,U021
BP-4224,Tech Debt,5,U028
BP-4225,Story,5,U030
BP-4226,Story,3,U019
BP-4227,Story,8,U012
BP-4228,Bug,0,U028
BP-4229,Story,5,U012
BP-4230,Story,3,U001
BP-4231,Story,3,U004
BP-4232,Story,2,U020
BP-4233,Story,3,U005
BP-4234,Story,2,U030
BP-4235,Bug,0,U012
BP-4236,Story,2,U017
BP-4237,Story,3,U011
BP-4238,Tech Debt,3,U011
BP-4239,Story,3,U017
BP-4240,Tech Debt,8,U020
BP-4241,Story,8,U001
BP-4242,Tech Debt,3,U009
BP-4243,Story,2,U025
BP-4244,Story,3,U030
BP-4245,Bug,0,U009
BP-4246,Story,8,U014
BP-4247,Bug,0,U019
BP-4248,Bug,0,U003
BP-4249,Bug,0,U026
BP-4250,Bug,0,U011
BP-4251,Story,1,U003
BP-4252,Story,5,U005
BP-4253,Story,2,U025
BP-4254,Story,2,U010
BP-4255,Story,3,U022
BP-4256,Story,1,U001
BP-4257,Story,2,U017
BP-4258,Story,1,U021
BP-4259,Story,3,U012
BP-4260,Bug,0,U009
BP-4261,Story,2,U013
BP-4262,Story,8,U019
BP-4263,Story,3,U022
BP-4264,Tech Debt,5,U011
BP-4265,Story,3,U022
BP-4266,Tech Debt,5,U014
BP-4267,Story,3,U014
BP-4268,Story,8,U020
BP-4269,Story,1,U019
BP-4270,Tech Debt,1,U006
BP-4271,Story,8,U019
BP-4272,Story,8,U022
BP-4273,Bug,0,U030
BP-4274,Story,3,U029
BP-4275,Story,8,U030
BP-4276,Story,2,U012
BP-4277,Bug,0,U017
BP-4278,Story,1,U004
BP-4279,Story,5,U003
BP-4280,Story,2,U021
BP-4281,Story,1,U022
BP-4282,Story,5,U010
BP-4283,Story,3,U017
BP-4284,Story,3,U021
BP-4285,Tech Debt,2,U025
BP-4286,Bug,0,U029
BP-4287,Tech Debt,1,U011
BP-4288,Story,1,U028
BP-4289,Story,2,U027
BP-4290,Story,8,U019
BP-4291,Bug,0,U014
BP-4292,Bug,0,U025
BP-4293,Story,5,U014
BP-4294,Tech Debt,1,U001
BP-4295,Story,5,U021
BP-4296,Story,8,U006
BP-4297,Story,5,U003
BP-4298,Bug,0,U003
BP-4299,Story,5,U010
BP-4300,Tech Debt,3,U001
BP-4301,Story,2,U014
BP-4302,Tech Debt,2,U025
BP-4303,Bug,0,U026
BP-4304,Tech Debt,2,U027
BP-4305,Story,1,U006
BP-4306,Story,8,U010
BP-4307,Story,2,U028
BP-4308,Tech Debt,3,U009
BP-4309,Bug,0,U014
BP-4310,Story,1,U010
BP-4311,Story,1,U028
BP-4312,Story,1,U004
BP-4313,Story,5,U022
BP-4314,Story,8,U014
BP-4315,Story,5,U012
BP-4316,Story,8,U005
BP-4317,Story,8,U004
BP-4318,Bug,0,U019
BP-4319,Story,3,U005
BP-4320,Story,8,U021
BP-4321,Bug,0,U019
BP-4322,Story,2,U001
BP-4323,Bug,0,U010
BP-4324,Bug,0,U017
BP-4325,Tech Debt,1,U022
BP-4326,Story,2,U002
BP-4327,Tech Debt,3,U002
BP-4328,Bug,0,U019
BP-4329,Bug,0,U022
BP-4330,Story,2,U019
BP-4331,Story,1,U020
BP-4332,Story,1,U006
BP-4333,Story,1,U022
BP-4334,Story,5,U027
BP-4335,Bug,0,U018
BP-4336,Story,5,U012
BP-4337,Story,2,U006
BP-4338,Story,2,U003
BP-4339,Story,1,U022
BP-4340,Story,3,U011
BP-4341,Story,2,U027
BP-4342,Story,1,U025
BP-4343,Story,5,U025
BP-4344,Story,8,U001
BP-4345,Bug,0,U005
BP-4346,Bug,0,U009
BP-4347,Tech Debt,3,U030
BP-4348,Bug,0,U011
BP-4349,Story,2,U022
BP-4350,Story,8,U025
BP-4351,Story,2,U013
BP-4352,Story,3,U022
BP-4353,Story,3,U020
BP-4354,Story,1,U028
BP-4355,Tech Debt,1,U004
BP-4356,Tech Debt,3,U006
BP-4357,Story,5,U027
BP-4358,Story,5,U028
BP-4359,Story,8,U006
BP-4360,Story,8,U012
BP-4361,Story,8,U013
BP-4362,Story,2,U018
BP-4363,Bug,0,U013
BP-4364,Story,5,U006
BP-4365,Story,8,U027
BP-4366,Story,3,U014
BP-4367,Story,5,U009
BP-4368,Story,1,U030
BP-4369,Bug,0,U001
BP-4370,Tech Debt,3,U017
BP-4371,Story,8,U020
BP-4372,Bug,0,U012
BP-4373,Story,5,U001
BP-4374,Tech Debt,3,U001
BP-4375,Story,1,U003
BP-4376,Story,1,U013
BP-4377,Story,3,U029
BP-4378,Story,3,U003
BP-4379,Story,2,U030
BP-4380,Tech Debt,5,U027
BP-4381,Bug,0,U004
BP-4382,Bug,0,U030
BP-4383,Story,2,U022
BP-4384,Tech Debt,2,U019
BP-4385,Story,2,U014
BP-4386,Story,8,U022
BP-4387,Story,5,U017
BP-4388,Story,3,U004
BP-4389,Story,3,U021
BP-4390,Story,3,U026
BP-4391,Bug,0,U005
BP-4392,Story,5,U010
BP-4393,Bug,0,U030
BP-4394,Story,3,U001
BP-4395,Story,2,U021
BP-4396,Bug,0,U027
BP-4397,Bug,0,U018
BP-4398,Story,3,U019
BP-4399,Story,2,U021
BP-4400,Story,2,U017
BP-4401,Story,5,U013
BP-4402,Story,5,U004
BP-4403,Story,3,U025
BP-4404,Tech Debt,2,U025
BP-4405,Story,3,U001
BP-4406,Bug,0,U029
BP-4407,Bug,0,U029
BP-4408,Story,1,U019
BP-4409,Story,8,U001
BP-4410,Bug,0,U025
BP-4411,Tech Debt,3,U003
BP-4412,Story,1,U029
BP-4413,Story,1,U021
BP-4414,Story,3,U019
BP-4415,Bug,0,U017
BP-4416,Story,1,U009
BP-4417,Story,3,U004
BP-4418,Bug,0,U025
BP-4419,Story,1,U013
BP-4420,Story,8,U006
BP-4421,Bug,0,U012
BP-4422,Story,1,U003
BP-4423,Story,8,U026
BP-4424,Bug,0,U003
BP-4425,Bug,0,U027
BP-4426,Bug,0,U014
BP-4427,Story,2,U026
BP-4428,Story,5,U004
BP-4429,Bug,0,U002
BP-4430,Story,1,U026
BP-4431,Story,8,U027
BP-4432,Tech Debt,8,U010
BP-4433,Story,5,U012
BP-4434,Tech Debt,2,U009
BP-4435,Story,1,U020
BP-4436,Tech Debt,2,U019
BP-4437,Story,2,U002
BP-4438,Bug,0,U002
BP-4439,Bug,0,U002
BP-4440,Story,2,U012
BP-4441,Story,1,U019
BP-4442,Tech Debt,2,U010
BP-4443,Story,1,U005
BP-4444,Story,2,U014
BP-4445,Story,5,U020
BP-4446,Story,2,U005
BP-4447,Story,3,U009
BP-4448,Story,8,U014
BP-4449,Tech Debt,5,U014
BP-4450,Story,2,U028
BP-4451,Story,2,U004
BP-4452,Story,2,U030
BP-4453,Story,3,U014
BP-4454,Story,3,U030
BP-4455,Story,1,U020
BP-4456,Bug,0,U003
BP-4457,Story,8,U026
BP-4458,Story,3,U030
BP-4459,Bug,0,U020
BP-4460,Story,2,U001
BP-4461,Bug,0,U022
BP-4462,Story,8,U022
BP-4463,Story,5,U022
BP-4464,Bug,0,U022
BP-4465,Bug,0,U022
BP-4466,Tech Debt,8,U010
BP-4467,Story,3,U005
BP-4468,Story,3,U014
BP-4469,Story,1,U003
BP-4470,Story,8,U004
BP-4471,Bug,0,U019
BP-4472,Story,3,U003
BP-4473,Story,5,U010
BP-4474,Tech Debt,8,U030
BP-4475,Story,1,U027
BP-4476,Tech Debt,5,U030
BP-4477,Bug,0,U003
BP-4478,Bug,0,U005
BP-4479,Story,8,U029
BP-4480,Story,5,U006
BP-4481,Tech Debt,3,U001
BP-4482,Tech Debt,2,U010
BP-4483,Story,5,U019
BP-4484,Story,3,U004
BP-4485,Bug,0,U004
BP-4486,Tech Debt,8,U017
BP-4487,Story,3,U020
BP-4488,Tech Debt,2,U001
BP-4489,Story,8,U012
BP-4490,Bug,0,U018
BP-4491,Story,5,U021
BP-4492,Bug,0,U026
BP-4493,Bug,0,U004
BP-4494,Bug,0,U014
BP-4495,Tech Debt,8,U019
BP-4496,Tech Debt,1,U002
BP-4497,Bug,0,U020
BP-4498,Bug,0,U010
BP-4499,Story,1,U022
BP-4500,Story,3,U002
